vars,CPO
elevation_cat,18.1529097672109
improved_water_cat,18.3673528117241
lst_day_cat,17.4359230548672
ndvi_cat,17.3675456335835
open_def_cat,17.8184303177362
prec_cat,17.5949146567927
rel_humidity_cat,17.9915249229007
soil_moisture_cat,18.0462139292956
soil_pH_cat,17.4920965782846
soil_temp_cat,18.4025422374297
"elevation_cat|improved_water_cat",18.304474311084
"elevation_cat|lst_day_cat",18.0941682082979
"elevation_cat|ndvi_cat",18.1817031026318
"elevation_cat|open_def_cat",18.1857900242342
"elevation_cat|prec_cat",18.4217328263332
"elevation_cat|rel_humidity_cat",18.1955373770132
"elevation_cat|soil_moisture_cat",18.3026059986657
"elevation_cat|soil_pH_cat",18.1297757067824
"elevation_cat|soil_temp_cat",18.3170297988568
"improved_water_cat|lst_day_cat",18.4699590675191
"improved_water_cat|ndvi_cat",18.3052575327616
"improved_water_cat|open_def_cat",18.3495125741584
"improved_water_cat|prec_cat",18.6117663539793
"improved_water_cat|rel_humidity_cat",18.2906246572205
"improved_water_cat|soil_moisture_cat",18.3076802715384
"improved_water_cat|soil_pH_cat",18.5010152678097
"improved_water_cat|soil_temp_cat",18.3996877895261
"lst_day_cat|ndvi_cat",17.3013620520198
"lst_day_cat|open_def_cat",17.6801335965375
"lst_day_cat|prec_cat",17.4485966950414
"lst_day_cat|rel_humidity_cat",17.7182676687259
"lst_day_cat|soil_moisture_cat",17.6745609493698
"lst_day_cat|soil_pH_cat",17.4238761145965
"lst_day_cat|soil_temp_cat",18.4051351093209
"ndvi_cat|open_def_cat",17.5845085276337
"ndvi_cat|prec_cat",18.5027334999581
"ndvi_cat|rel_humidity_cat",17.6993050505261
"ndvi_cat|soil_moisture_cat",17.7574809404914
"ndvi_cat|soil_pH_cat",17.4200510307181
"ndvi_cat|soil_temp_cat",18.3600388431852
"open_def_cat|prec_cat",17.8094109422685
"open_def_cat|rel_humidity_cat",18.2889382230811
"open_def_cat|soil_moisture_cat",18.2404520660382
"open_def_cat|soil_pH_cat",17.6583731267874
"open_def_cat|soil_temp_cat",18.4647974301355
"prec_cat|rel_humidity_cat",17.9380638152721
"prec_cat|soil_moisture_cat",18.2588972209283
"prec_cat|soil_pH_cat",18.4609556329244
"prec_cat|soil_temp_cat",18.393083623345
"rel_humidity_cat|soil_moisture_cat",18.2536634508619
"rel_humidity_cat|soil_pH_cat",17.7594215261696
"rel_humidity_cat|soil_temp_cat",18.4272128131451
"soil_moisture_cat|soil_pH_cat",18.2332415900469
"soil_moisture_cat|soil_temp_cat",18.6189480599939
"soil_pH_cat|soil_temp_cat",18.3435634615503
"elevation_cat|improved_water_cat|lst_day_cat",18.4693128763946
"elevation_cat|improved_water_cat|ndvi_cat",18.3603670521166
"elevation_cat|improved_water_cat|open_def_cat",18.4509538312576
"elevation_cat|improved_water_cat|prec_cat",18.5435657818544
"elevation_cat|improved_water_cat|rel_humidity_cat",18.3349690268205
"elevation_cat|improved_water_cat|soil_moisture_cat",18.3673900616827
"elevation_cat|improved_water_cat|soil_pH_cat",18.3915901747145
"elevation_cat|improved_water_cat|soil_temp_cat",18.4276510359336
"elevation_cat|lst_day_cat|ndvi_cat",18.169392286669
"elevation_cat|lst_day_cat|open_def_cat",18.2720286367594
"elevation_cat|lst_day_cat|prec_cat",18.4570077978031
"elevation_cat|lst_day_cat|rel_humidity_cat",18.2669846272901
"elevation_cat|lst_day_cat|soil_moisture_cat",18.4277992836636
"elevation_cat|lst_day_cat|soil_pH_cat",18.2972910905818
"elevation_cat|lst_day_cat|soil_temp_cat",18.4887158331742
"elevation_cat|ndvi_cat|open_def_cat",18.1736057602609
"elevation_cat|ndvi_cat|prec_cat",18.5315013483296
"elevation_cat|ndvi_cat|rel_humidity_cat",18.2332191308143
"elevation_cat|ndvi_cat|soil_moisture_cat",18.3156954704315
"elevation_cat|ndvi_cat|soil_pH_cat",18.2871952065654
elevation_cat,18.1164763337715
improved_water_cat,18.3497932479362
lst_day_cat,17.3534041246316
ndvi_cat,17.2554335293301
open_def_cat,17.6758343346919
prec_cat,17.4830978437984
rel_humidity_cat,17.8165253358787
soil_moisture_cat,18.0011914230114
soil_pH_cat,17.3910213945412
soil_temp_cat,18.3835980600191
elevation_cat|improved_water_cat,18.2970705803663
elevation_cat|lst_day_cat,18.0389576005532
elevation_cat|ndvi_cat,17.9821510514653
elevation_cat|open_def_cat,18.158172025484
elevation_cat|prec_cat,18.3098844024452
elevation_cat|rel_humidity_cat,18.1595350712961
elevation_cat|soil_moisture_cat,18.1738746175723
elevation_cat|soil_pH_cat,18.1191407390701
elevation_cat|soil_temp_cat,18.2850024771224
improved_water_cat|lst_day_cat,18.5235208997348
improved_water_cat|ndvi_cat,18.5032530881229
improved_water_cat|open_def_cat,18.3953128013986
improved_water_cat|prec_cat,18.6057874193439
improved_water_cat|rel_humidity_cat,18.3925569312078
improved_water_cat|soil_moisture_cat,18.3786541151415
improved_water_cat|soil_pH_cat,18.493733372029
improved_water_cat|soil_temp_cat,18.5009778029488
lst_day_cat|ndvi_cat,17.2403045225343
lst_day_cat|open_def_cat,17.6134474773104
lst_day_cat|prec_cat,17.3570073263487
lst_day_cat|rel_humidity_cat,17.6271896558782
lst_day_cat|soil_moisture_cat,17.5830560747444
lst_day_cat|soil_pH_cat,17.330887695743
lst_day_cat|soil_temp_cat,18.2550570585578
ndvi_cat|open_def_cat,18.1760556638219
ndvi_cat|prec_cat,18.4829306175843
ndvi_cat|rel_humidity_cat,17.5955802986142
ndvi_cat|soil_moisture_cat,18.1706261107169
ndvi_cat|soil_pH_cat,18.1591693577686
ndvi_cat|soil_temp_cat,18.3884796091714
open_def_cat|prec_cat,17.7113661019466
open_def_cat|rel_humidity_cat,18.2464335731834
open_def_cat|soil_moisture_cat,18.2312528980384
open_def_cat|soil_pH_cat,17.5838110597355
open_def_cat|soil_temp_cat,18.5205897962924
prec_cat|rel_humidity_cat,17.7658349861277
prec_cat|soil_moisture_cat,18.5006286536447
prec_cat|soil_pH_cat,18.4522039263687
prec_cat|soil_temp_cat,18.3859915317029
rel_humidity_cat|soil_moisture_cat,18.2550090181842
rel_humidity_cat|soil_pH_cat,17.6479422707938
rel_humidity_cat|soil_temp_cat,18.5017687053092
soil_moisture_cat|soil_pH_cat,17.6211442795696
soil_moisture_cat|soil_temp_cat,25.1497482975337
soil_pH_cat|soil_temp_cat,18.337679296636
elevation_cat|improved_water_cat|lst_day_cat,18.4756752415831
elevation_cat|improved_water_cat|ndvi_cat,18.3832590373074
elevation_cat|improved_water_cat|open_def_cat,18.4202951030819
elevation_cat|improved_water_cat|prec_cat,18.5670248665597
elevation_cat|improved_water_cat|rel_humidity_cat,18.3876301684969
elevation_cat|improved_water_cat|soil_moisture_cat,18.4698155330227
elevation_cat|improved_water_cat|soil_pH_cat,18.3915002172357
elevation_cat|improved_water_cat|soil_temp_cat,18.4086874630032
elevation_cat|lst_day_cat|ndvi_cat,18.1366124038938
elevation_cat|lst_day_cat|open_def_cat,18.2554310627922
elevation_cat|lst_day_cat|prec_cat,18.2676951055615
elevation_cat|lst_day_cat|rel_humidity_cat,18.2583850734173
elevation_cat|lst_day_cat|soil_moisture_cat,18.1900138433493
elevation_cat|lst_day_cat|soil_pH_cat,18.3110683571563
elevation_cat|lst_day_cat|soil_temp_cat,18.3664412380477
elevation_cat|ndvi_cat|open_def_cat,18.2946988521807
elevation_cat|ndvi_cat|prec_cat,18.4748354561275
elevation_cat|ndvi_cat|rel_humidity_cat,18.2243690898011
elevation_cat|ndvi_cat|soil_moisture_cat,18.2243151275175
elevation_cat|ndvi_cat|soil_pH_cat,18.2456690440804
elevation_cat|ndvi_cat|soil_temp_cat,18.2977681566981
elevation_cat|open_def_cat|prec_cat,18.3673133254572
elevation_cat|open_def_cat|rel_humidity_cat,18.2328272254458
elevation_cat|open_def_cat|soil_moisture_cat,18.222910404326
elevation_cat|open_def_cat|soil_pH_cat,18.2414225876498
elevation_cat|open_def_cat|soil_temp_cat,18.3375395922766
elevation_cat|prec_cat|rel_humidity_cat,18.2979075008874
elevation_cat|prec_cat|soil_moisture_cat,18.3018932580502
elevation_cat|prec_cat|soil_pH_cat,18.3693733186118
elevation_cat|prec_cat|soil_temp_cat,18.2983511199647
elevation_cat|rel_humidity_cat|soil_moisture_cat,18.2333121791428
elevation_cat|rel_humidity_cat|soil_pH_cat,18.2555582323786
elevation_cat|rel_humidity_cat|soil_temp_cat,18.3463970346929
elevation_cat|soil_moisture_cat|soil_pH_cat,18.2296813223978
elevation_cat|soil_moisture_cat|soil_temp_cat,18.5768947583297
elevation_cat|soil_pH_cat|soil_temp_cat,18.2879079303759
improved_water_cat|lst_day_cat|ndvi_cat,18.3556144183259
improved_water_cat|lst_day_cat|open_def_cat,18.5343088818505
improved_water_cat|lst_day_cat|prec_cat,18.4926122288292
improved_water_cat|lst_day_cat|rel_humidity_cat,18.4117935691652
improved_water_cat|lst_day_cat|soil_moisture_cat,18.473710144897
improved_water_cat|lst_day_cat|soil_pH_cat,18.2771575575551
improved_water_cat|lst_day_cat|soil_temp_cat,18.4259860751998
improved_water_cat|ndvi_cat|open_def_cat,18.6114802633606
improved_water_cat|ndvi_cat|prec_cat,18.7041527691828
improved_water_cat|ndvi_cat|rel_humidity_cat,18.4545585482676
improved_water_cat|ndvi_cat|soil_moisture_cat,18.5977027200856
improved_water_cat|ndvi_cat|soil_pH_cat,18.5761841655598
improved_water_cat|ndvi_cat|soil_temp_cat,18.5133350853695
improved_water_cat|open_def_cat|prec_cat,18.7327492908328
improved_water_cat|open_def_cat|rel_humidity_cat,18.4713608031632
improved_water_cat|open_def_cat|soil_moisture_cat,18.6058325211768
improved_water_cat|open_def_cat|soil_pH_cat,18.5969501373477
improved_water_cat|open_def_cat|soil_temp_cat,23.0435736580515
improved_water_cat|prec_cat|rel_humidity_cat,18.601987352786
improved_water_cat|prec_cat|soil_moisture_cat,18.7329793303237
improved_water_cat|prec_cat|soil_pH_cat,18.6857704680825
improved_water_cat|prec_cat|soil_temp_cat,18.4273846813282
improved_water_cat|rel_humidity_cat|soil_moisture_cat,18.5066773413041
improved_water_cat|rel_humidity_cat|soil_pH_cat,18.4231219484514
improved_water_cat|rel_humidity_cat|soil_temp_cat,18.5010898191903
improved_water_cat|soil_moisture_cat|soil_pH_cat,18.6195474179042
improved_water_cat|soil_moisture_cat|soil_temp_cat,18.5678947016906
improved_water_cat|soil_pH_cat|soil_temp_cat,18.4349751427341
lst_day_cat|ndvi_cat|open_def_cat,18.333745738174
lst_day_cat|ndvi_cat|prec_cat,18.3901562819342
lst_day_cat|ndvi_cat|rel_humidity_cat,18.1500369924233
lst_day_cat|ndvi_cat|soil_moisture_cat,18.2414530507911
lst_day_cat|ndvi_cat|soil_pH_cat,18.1071614957682
lst_day_cat|ndvi_cat|soil_temp_cat,18.5481895695426
lst_day_cat|open_def_cat|prec_cat,17.5774423749061
lst_day_cat|open_def_cat|rel_humidity_cat,18.0043896858683
lst_day_cat|open_def_cat|soil_moisture_cat,17.9124300510682
lst_day_cat|open_def_cat|soil_pH_cat,18.2091329921242
lst_day_cat|open_def_cat|soil_temp_cat,18.4459004003113
lst_day_cat|prec_cat|rel_humidity_cat,17.5196934659381
lst_day_cat|prec_cat|soil_moisture_cat,18.1561731508846
lst_day_cat|prec_cat|soil_pH_cat,18.0463141963143
lst_day_cat|prec_cat|soil_temp_cat,18.4177297639213
lst_day_cat|rel_humidity_cat|soil_moisture_cat,18.064480304893
lst_day_cat|rel_humidity_cat|soil_pH_cat,18.2124396486582
lst_day_cat|rel_humidity_cat|soil_temp_cat,18.4560408397756
lst_day_cat|soil_moisture_cat|soil_pH_cat,18.1938680977219
lst_day_cat|soil_moisture_cat|soil_temp_cat,18.639265075391
lst_day_cat|soil_pH_cat|soil_temp_cat,18.2909287157896
ndvi_cat|open_def_cat|prec_cat,18.5589762005115
ndvi_cat|open_def_cat|rel_humidity_cat,18.3224303094863
ndvi_cat|open_def_cat|soil_moisture_cat,18.3333205446549
ndvi_cat|open_def_cat|soil_pH_cat,17.5331699248748
ndvi_cat|open_def_cat|soil_temp_cat,18.5631175617321
ndvi_cat|prec_cat|rel_humidity_cat,18.4765336218531
ndvi_cat|prec_cat|soil_moisture_cat,18.5052020446533
ndvi_cat|prec_cat|soil_pH_cat,18.5255946439625
ndvi_cat|prec_cat|soil_temp_cat,18.529099313181
ndvi_cat|rel_humidity_cat|soil_moisture_cat,18.3377732003324
ndvi_cat|rel_humidity_cat|soil_pH_cat,17.5249092348094
ndvi_cat|rel_humidity_cat|soil_temp_cat,18.4734834291787
ndvi_cat|soil_moisture_cat|soil_pH_cat,18.1172862877103
ndvi_cat|soil_moisture_cat|soil_temp_cat,18.5888068442501
ndvi_cat|soil_pH_cat|soil_temp_cat,18.482382171244
open_def_cat|prec_cat|rel_humidity_cat,18.4363055159539
open_def_cat|prec_cat|soil_moisture_cat,18.2366792366508
open_def_cat|prec_cat|soil_pH_cat,18.2095467798401
open_def_cat|prec_cat|soil_temp_cat,18.5217214569673
open_def_cat|rel_humidity_cat|soil_moisture_cat,18.3310004336922
open_def_cat|rel_humidity_cat|soil_pH_cat,18.0849794244296
open_def_cat|rel_humidity_cat|soil_temp_cat,18.5476312492973
open_def_cat|soil_moisture_cat|soil_pH_cat,18.1008224465865
open_def_cat|soil_moisture_cat|soil_temp_cat,18.6289371519526
open_def_cat|soil_pH_cat|soil_temp_cat,18.4531689104709
prec_cat|rel_humidity_cat|soil_moisture_cat,18.6359892015898
prec_cat|rel_humidity_cat|soil_pH_cat,18.4143926135077
prec_cat|rel_humidity_cat|soil_temp_cat,18.4737659373961
prec_cat|soil_moisture_cat|soil_pH_cat,18.2517542853771
prec_cat|soil_moisture_cat|soil_temp_cat,18.5975979273728
prec_cat|soil_pH_cat|soil_temp_cat,18.4742407092526
rel_humidity_cat|soil_moisture_cat|soil_pH_cat,18.3674211723561
rel_humidity_cat|soil_moisture_cat|soil_temp_cat,18.6317463409402
rel_humidity_cat|soil_pH_cat|soil_temp_cat,18.4720454161
soil_moisture_cat|soil_pH_cat|soil_temp_cat,18.6225319705409
elevation_cat|improved_water_cat|lst_day_cat|ndvi_cat,18.4186615756257
elevation_cat|improved_water_cat|lst_day_cat|open_def_cat,18.5163583809704
elevation_cat|improved_water_cat|lst_day_cat|prec_cat,18.6102972356874
elevation_cat|improved_water_cat|lst_day_cat|rel_humidity_cat,18.4287858714459
elevation_cat|improved_water_cat|lst_day_cat|soil_moisture_cat,18.5477949342626
elevation_cat|improved_water_cat|lst_day_cat|soil_pH_cat,18.4188507296782
elevation_cat|improved_water_cat|lst_day_cat|soil_temp_cat,18.4986474884148
elevation_cat|improved_water_cat|ndvi_cat|open_def_cat,18.4410024033211
elevation_cat|improved_water_cat|ndvi_cat|prec_cat,18.5280808063746
elevation_cat|improved_water_cat|ndvi_cat|rel_humidity_cat,18.3364316164455
elevation_cat|improved_water_cat|ndvi_cat|soil_moisture_cat,18.4522823102757
elevation_cat|improved_water_cat|ndvi_cat|soil_pH_cat,18.4626719684748
elevation_cat|improved_water_cat|ndvi_cat|soil_temp_cat,18.410037625017
elevation_cat|improved_water_cat|open_def_cat|prec_cat,18.5808492687904
elevation_cat|improved_water_cat|open_def_cat|rel_humidity_cat,18.4140428079357
elevation_cat|improved_water_cat|open_def_cat|soil_moisture_cat,18.5112157758279
elevation_cat|improved_water_cat|open_def_cat|soil_pH_cat,18.4492193373074
elevation_cat|improved_water_cat|open_def_cat|soil_temp_cat,18.4710736085706
elevation_cat|improved_water_cat|prec_cat|rel_humidity_cat,18.4991701530705
elevation_cat|improved_water_cat|prec_cat|soil_moisture_cat,18.6202815823331
elevation_cat|improved_water_cat|prec_cat|soil_pH_cat,18.5743865964873
elevation_cat|improved_water_cat|prec_cat|soil_temp_cat,18.5570319599344
elevation_cat|improved_water_cat|rel_humidity_cat|soil_moisture_cat,18.4362606504085
elevation_cat|improved_water_cat|rel_humidity_cat|soil_pH_cat,18.3906884750799
elevation_cat|improved_water_cat|rel_humidity_cat|soil_temp_cat,18.3401397024751
elevation_cat|improved_water_cat|soil_moisture_cat|soil_pH_cat,18.5479890324974
elevation_cat|improved_water_cat|soil_moisture_cat|soil_temp_cat,18.5046925778291
elevation_cat|improved_water_cat|soil_pH_cat|soil_temp_cat,18.4435591246638
elevation_cat|lst_day_cat|ndvi_cat|open_def_cat,18.3583654808098
elevation_cat|lst_day_cat|ndvi_cat|prec_cat,18.436388842409
elevation_cat|lst_day_cat|ndvi_cat|rel_humidity_cat,18.3471495890985
elevation_cat|lst_day_cat|ndvi_cat|soil_moisture_cat,18.3184095555667
elevation_cat|lst_day_cat|ndvi_cat|soil_pH_cat,18.2666575674229
elevation_cat|lst_day_cat|ndvi_cat|soil_temp_cat,18.4373945446288
elevation_cat|lst_day_cat|open_def_cat|prec_cat,18.4270036731322
elevation_cat|lst_day_cat|open_def_cat|rel_humidity_cat,18.2551460131988
elevation_cat|lst_day_cat|open_def_cat|soil_moisture_cat,18.3140817924851
elevation_cat|lst_day_cat|open_def_cat|soil_pH_cat,18.4042590633623
elevation_cat|lst_day_cat|open_def_cat|soil_temp_cat,18.5043435479367
elevation_cat|lst_day_cat|prec_cat|rel_humidity_cat,18.3954971300351
elevation_cat|lst_day_cat|prec_cat|soil_moisture_cat,18.3446295998018
elevation_cat|lst_day_cat|prec_cat|soil_pH_cat,18.2936637983145
elevation_cat|lst_day_cat|prec_cat|soil_temp_cat,18.4783846669733
elevation_cat|lst_day_cat|rel_humidity_cat|soil_moisture_cat,18.411286943539
elevation_cat|lst_day_cat|rel_humidity_cat|soil_pH_cat,18.2966165968582
elevation_cat|lst_day_cat|rel_humidity_cat|soil_temp_cat,18.4680868909622
elevation_cat|lst_day_cat|soil_moisture_cat|soil_pH_cat,18.3049516547401
elevation_cat|lst_day_cat|soil_moisture_cat|soil_temp_cat,18.6240311979917
elevation_cat|lst_day_cat|soil_pH_cat|soil_temp_cat,18.4377036252157
elevation_cat|ndvi_cat|open_def_cat|prec_cat,18.5623418902039
elevation_cat|ndvi_cat|open_def_cat|rel_humidity_cat,18.349579038164
elevation_cat|ndvi_cat|open_def_cat|soil_moisture_cat,18.3484471775452
elevation_cat|ndvi_cat|open_def_cat|soil_pH_cat,18.3456257610662
elevation_cat|ndvi_cat|open_def_cat|soil_temp_cat,18.4709313501385
elevation_cat|ndvi_cat|prec_cat|rel_humidity_cat,18.5276562088889
elevation_cat|ndvi_cat|prec_cat|soil_moisture_cat,18.5745039884768
elevation_cat|ndvi_cat|prec_cat|soil_pH_cat,18.6056528470399
elevation_cat|ndvi_cat|prec_cat|soil_temp_cat,18.3650721304937
elevation_cat|ndvi_cat|rel_humidity_cat|soil_moisture_cat,18.3366045368556
elevation_cat|ndvi_cat|rel_humidity_cat|soil_pH_cat,18.3036384014971
elevation_cat|ndvi_cat|rel_humidity_cat|soil_temp_cat,18.3507769597966
elevation_cat|ndvi_cat|soil_moisture_cat|soil_pH_cat,18.3380950145153
elevation_cat|ndvi_cat|soil_moisture_cat|soil_temp_cat,18.5357025123634
elevation_cat|ndvi_cat|soil_pH_cat|soil_temp_cat,18.4727332804847
elevation_cat|open_def_cat|prec_cat|rel_humidity_cat,18.4695736966529
elevation_cat|open_def_cat|prec_cat|soil_moisture_cat,18.5037247990502
elevation_cat|open_def_cat|prec_cat|soil_pH_cat,18.4811951350891
elevation_cat|open_def_cat|prec_cat|soil_temp_cat,18.450708617591
elevation_cat|open_def_cat|rel_humidity_cat|soil_moisture_cat,18.3028692981518
elevation_cat|open_def_cat|rel_humidity_cat|soil_pH_cat,18.2704191259165
elevation_cat|open_def_cat|rel_humidity_cat|soil_temp_cat,18.3443590296192
elevation_cat|open_def_cat|soil_moisture_cat|soil_pH_cat,18.3996993189817
elevation_cat|open_def_cat|soil_moisture_cat|soil_temp_cat,18.5855486150894
elevation_cat|open_def_cat|soil_pH_cat|soil_temp_cat,18.4637217312979
elevation_cat|prec_cat|rel_humidity_cat|soil_moisture_cat,18.5297575605143
elevation_cat|prec_cat|rel_humidity_cat|soil_pH_cat,18.3984679007039
elevation_cat|prec_cat|rel_humidity_cat|soil_temp_cat,18.3997451083456
elevation_cat|prec_cat|soil_moisture_cat|soil_pH_cat,18.4942864443017
elevation_cat|prec_cat|soil_moisture_cat|soil_temp_cat,18.6296621196748
elevation_cat|prec_cat|soil_pH_cat|soil_temp_cat,18.4940194559188
elevation_cat|rel_humidity_cat|soil_moisture_cat|soil_pH_cat,18.374184805071
elevation_cat|rel_humidity_cat|soil_moisture_cat|soil_temp_cat,18.5963088919419
elevation_cat|rel_humidity_cat|soil_pH_cat|soil_temp_cat,18.3746802586605
elevation_cat|soil_moisture_cat|soil_pH_cat|soil_temp_cat,18.5687481969897
improved_water_cat|lst_day_cat|ndvi_cat|open_def_cat,18.6220257503041
improved_water_cat|lst_day_cat|ndvi_cat|prec_cat,18.534123168049
improved_water_cat|lst_day_cat|ndvi_cat|rel_humidity_cat,18.345754531357
improved_water_cat|lst_day_cat|ndvi_cat|soil_moisture_cat,18.3459927817611
improved_water_cat|lst_day_cat|ndvi_cat|soil_pH_cat,18.3716567843389
improved_water_cat|lst_day_cat|ndvi_cat|soil_temp_cat,18.4733327046815
improved_water_cat|lst_day_cat|open_def_cat|prec_cat,18.6630146259396
improved_water_cat|lst_day_cat|open_def_cat|rel_humidity_cat,18.4898151142781
improved_water_cat|lst_day_cat|open_def_cat|soil_moisture_cat,18.6067856284494
improved_water_cat|lst_day_cat|open_def_cat|soil_pH_cat,18.3784711762757
improved_water_cat|lst_day_cat|open_def_cat|soil_temp_cat,18.4965500708145
improved_water_cat|lst_day_cat|prec_cat|rel_humidity_cat,18.472573390873
improved_water_cat|lst_day_cat|prec_cat|soil_moisture_cat,18.6308497018985
improved_water_cat|lst_day_cat|prec_cat|soil_pH_cat,18.5376876306116
improved_water_cat|lst_day_cat|prec_cat|soil_temp_cat,18.5270189862406
improved_water_cat|lst_day_cat|rel_humidity_cat|soil_moisture_cat,18.4949831406346
improved_water_cat|lst_day_cat|rel_humidity_cat|soil_pH_cat,18.3147716217454
improved_water_cat|lst_day_cat|rel_humidity_cat|soil_temp_cat,18.4613426997436
improved_water_cat|lst_day_cat|soil_moisture_cat|soil_pH_cat,18.3988753193406
improved_water_cat|lst_day_cat|soil_moisture_cat|soil_temp_cat,18.6343622119024
improved_water_cat|lst_day_cat|soil_pH_cat|soil_temp_cat,18.3695170409905
improved_water_cat|ndvi_cat|open_def_cat|prec_cat,18.7470705665095
improved_water_cat|ndvi_cat|open_def_cat|rel_humidity_cat,18.4914773882845
improved_water_cat|ndvi_cat|open_def_cat|soil_moisture_cat,18.7023796885188
improved_water_cat|ndvi_cat|open_def_cat|soil_pH_cat,18.6521316195764
improved_water_cat|ndvi_cat|open_def_cat|soil_temp_cat,18.5638495609043
improved_water_cat|ndvi_cat|prec_cat|rel_humidity_cat,18.6374468646712
improved_water_cat|ndvi_cat|prec_cat|soil_moisture_cat,18.7008257316606
improved_water_cat|ndvi_cat|prec_cat|soil_pH_cat,18.7245645289003
improved_water_cat|ndvi_cat|prec_cat|soil_temp_cat,18.5040118191472
improved_water_cat|ndvi_cat|rel_humidity_cat|soil_moisture_cat,18.5148812067739
improved_water_cat|ndvi_cat|rel_humidity_cat|soil_pH_cat,18.3981128476966
improved_water_cat|ndvi_cat|rel_humidity_cat|soil_temp_cat,18.4767059901291
improved_water_cat|ndvi_cat|soil_moisture_cat|soil_pH_cat,18.6643375514706
improved_water_cat|ndvi_cat|soil_moisture_cat|soil_temp_cat,18.5335675865802
improved_water_cat|ndvi_cat|soil_pH_cat|soil_temp_cat,18.5355463556753
improved_water_cat|open_def_cat|prec_cat|rel_humidity_cat,18.7087067505032
improved_water_cat|open_def_cat|prec_cat|soil_moisture_cat,18.7608175071903
improved_water_cat|open_def_cat|prec_cat|soil_pH_cat,18.7202847271827
improved_water_cat|open_def_cat|prec_cat|soil_temp_cat,18.5058824961498
improved_water_cat|open_def_cat|rel_humidity_cat|soil_moisture_cat,18.5403091523691
improved_water_cat|open_def_cat|rel_humidity_cat|soil_pH_cat,18.5049664543547
improved_water_cat|open_def_cat|rel_humidity_cat|soil_temp_cat,18.6220617336409
improved_water_cat|open_def_cat|soil_moisture_cat|soil_pH_cat,18.6498741451035
improved_water_cat|open_def_cat|soil_moisture_cat|soil_temp_cat,18.5967958066232
improved_water_cat|open_def_cat|soil_pH_cat|soil_temp_cat,18.5144327505574
improved_water_cat|prec_cat|rel_humidity_cat|soil_moisture_cat,18.7084174571009
improved_water_cat|prec_cat|rel_humidity_cat|soil_pH_cat,18.5638049452304
improved_water_cat|prec_cat|rel_humidity_cat|soil_temp_cat,18.4640890478805
improved_water_cat|prec_cat|soil_moisture_cat|soil_pH_cat,18.7195555286337
improved_water_cat|prec_cat|soil_moisture_cat|soil_temp_cat,18.5788787518139
improved_water_cat|prec_cat|soil_pH_cat|soil_temp_cat,18.5085268577296
improved_water_cat|rel_humidity_cat|soil_moisture_cat|soil_pH_cat,18.4091906979117
improved_water_cat|rel_humidity_cat|soil_moisture_cat|soil_temp_cat,18.577833359933
improved_water_cat|rel_humidity_cat|soil_pH_cat|soil_temp_cat,18.431866992487
improved_water_cat|soil_moisture_cat|soil_pH_cat|soil_temp_cat,18.5647333516212
lst_day_cat|ndvi_cat|open_def_cat|prec_cat,18.4178639835618
lst_day_cat|ndvi_cat|open_def_cat|rel_humidity_cat,18.3434802575394
lst_day_cat|ndvi_cat|open_def_cat|soil_moisture_cat,18.3512566099034
lst_day_cat|ndvi_cat|open_def_cat|soil_pH_cat,18.2375057735463
lst_day_cat|ndvi_cat|open_def_cat|soil_temp_cat,18.5615736786695
lst_day_cat|ndvi_cat|prec_cat|rel_humidity_cat,18.3847395836161
lst_day_cat|ndvi_cat|prec_cat|soil_moisture_cat,18.4381466246921
lst_day_cat|ndvi_cat|prec_cat|soil_pH_cat,18.3936664469562
lst_day_cat|ndvi_cat|prec_cat|soil_temp_cat,18.5761623877041
lst_day_cat|ndvi_cat|rel_humidity_cat|soil_moisture_cat,18.3225284168309
lst_day_cat|ndvi_cat|rel_humidity_cat|soil_pH_cat,18.1962561065612
lst_day_cat|ndvi_cat|rel_humidity_cat|soil_temp_cat,18.5421482201626
lst_day_cat|ndvi_cat|soil_moisture_cat|soil_pH_cat,18.2715343128718
lst_day_cat|ndvi_cat|soil_moisture_cat|soil_temp_cat,18.6425197883854
lst_day_cat|ndvi_cat|soil_pH_cat|soil_temp_cat,18.5309481168071
lst_day_cat|open_def_cat|prec_cat|rel_humidity_cat,18.3025478524174
lst_day_cat|open_def_cat|prec_cat|soil_moisture_cat,18.3317404509365
lst_day_cat|open_def_cat|prec_cat|soil_pH_cat,18.1358900470981
lst_day_cat|open_def_cat|prec_cat|soil_temp_cat,18.4064315702129
lst_day_cat|open_def_cat|rel_humidity_cat|soil_moisture_cat,18.2116776180448
lst_day_cat|open_def_cat|rel_humidity_cat|soil_pH_cat,18.2966393351188
lst_day_cat|open_def_cat|rel_humidity_cat|soil_temp_cat,18.4993624808794
lst_day_cat|open_def_cat|soil_moisture_cat|soil_pH_cat,18.2775500138561
lst_day_cat|open_def_cat|soil_moisture_cat|soil_temp_cat,18.6598988758096
lst_day_cat|open_def_cat|soil_pH_cat|soil_temp_cat,18.4354999695914
lst_day_cat|prec_cat|rel_humidity_cat|soil_moisture_cat,18.3569895013997
lst_day_cat|prec_cat|rel_humidity_cat|soil_pH_cat,18.2301143045289
lst_day_cat|prec_cat|rel_humidity_cat|soil_temp_cat,18.4961282060667
lst_day_cat|prec_cat|soil_moisture_cat|soil_pH_cat,18.2427351083142
lst_day_cat|prec_cat|soil_moisture_cat|soil_temp_cat,18.6486835304568
lst_day_cat|prec_cat|soil_pH_cat|soil_temp_cat,18.4327514621193
lst_day_cat|rel_humidity_cat|soil_moisture_cat|soil_pH_cat,18.3495625215525
lst_day_cat|rel_humidity_cat|soil_moisture_cat|soil_temp_cat,18.6368800152301
lst_day_cat|rel_humidity_cat|soil_pH_cat|soil_temp_cat,18.3971022837526
lst_day_cat|soil_moisture_cat|soil_pH_cat|soil_temp_cat,18.6292543350145
ndvi_cat|open_def_cat|prec_cat|rel_humidity_cat,18.6360725689131
ndvi_cat|open_def_cat|prec_cat|soil_moisture_cat,18.5820277705634
ndvi_cat|open_def_cat|prec_cat|soil_pH_cat,18.6503665881408
ndvi_cat|open_def_cat|prec_cat|soil_temp_cat,18.5449371780945
ndvi_cat|open_def_cat|rel_humidity_cat|soil_moisture_cat,18.3239933973424
ndvi_cat|open_def_cat|rel_humidity_cat|soil_pH_cat,18.2968370994447
ndvi_cat|open_def_cat|rel_humidity_cat|soil_temp_cat,18.5735584778496
ndvi_cat|open_def_cat|soil_moisture_cat|soil_pH_cat,18.2821909707733
ndvi_cat|open_def_cat|soil_moisture_cat|soil_temp_cat,18.5790312322364
ndvi_cat|open_def_cat|soil_pH_cat|soil_temp_cat,18.6186899675461
ndvi_cat|prec_cat|rel_humidity_cat|soil_moisture_cat,18.6310225903625
ndvi_cat|prec_cat|rel_humidity_cat|soil_pH_cat,18.5375072474853
ndvi_cat|prec_cat|rel_humidity_cat|soil_temp_cat,18.5806628660997
ndvi_cat|prec_cat|soil_moisture_cat|soil_pH_cat,18.6019924569546
ndvi_cat|prec_cat|soil_moisture_cat|soil_temp_cat,18.5997903021759
ndvi_cat|prec_cat|soil_pH_cat|soil_temp_cat,18.6238756155777
ndvi_cat|rel_humidity_cat|soil_moisture_cat|soil_pH_cat,18.3401332785379
ndvi_cat|rel_humidity_cat|soil_moisture_cat|soil_temp_cat,18.6092621412776
ndvi_cat|rel_humidity_cat|soil_pH_cat|soil_temp_cat,18.5663978622486
ndvi_cat|soil_moisture_cat|soil_pH_cat|soil_temp_cat,18.6272267556396
open_def_cat|prec_cat|rel_humidity_cat|soil_moisture_cat,18.4918556887948
open_def_cat|prec_cat|rel_humidity_cat|soil_pH_cat,18.4537478921807
open_def_cat|prec_cat|rel_humidity_cat|soil_temp_cat,18.5499239137569
open_def_cat|prec_cat|soil_moisture_cat|soil_pH_cat,18.5274893060467
open_def_cat|prec_cat|soil_moisture_cat|soil_temp_cat,18.6177876572549
open_def_cat|prec_cat|soil_pH_cat|soil_temp_cat,18.5484860206612
open_def_cat|rel_humidity_cat|soil_moisture_cat|soil_pH_cat,18.4162126793394
open_def_cat|rel_humidity_cat|soil_moisture_cat|soil_temp_cat,18.6464171392071
open_def_cat|rel_humidity_cat|soil_pH_cat|soil_temp_cat,18.4757008897856
open_def_cat|soil_moisture_cat|soil_pH_cat|soil_temp_cat,18.6135763604301
prec_cat|rel_humidity_cat|soil_moisture_cat|soil_pH_cat,18.5686028816398
prec_cat|rel_humidity_cat|soil_moisture_cat|soil_temp_cat,18.6250009741521
prec_cat|rel_humidity_cat|soil_pH_cat|soil_temp_cat,18.5552810786277
prec_cat|soil_moisture_cat|soil_pH_cat|soil_temp_cat,18.6263135462264
rel_humidity_cat|soil_moisture_cat|soil_pH_cat|soil_temp_cat,18.6345873525864
elevation_cat|improved_water_cat|lst_day_cat|ndvi_cat|open_def_cat,18.5215080165818
elevation_cat|improved_water_cat|lst_day_cat|ndvi_cat|prec_cat,18.557292029529
elevation_cat|improved_water_cat|lst_day_cat|ndvi_cat|rel_humidity_cat,18.3912828861466
elevation_cat|improved_water_cat|lst_day_cat|ndvi_cat|soil_moisture_cat,18.4959001127249
elevation_cat|improved_water_cat|lst_day_cat|ndvi_cat|soil_pH_cat,18.4187888940377
elevation_cat|improved_water_cat|lst_day_cat|ndvi_cat|soil_temp_cat,18.4545008303177
elevation_cat|improved_water_cat|lst_day_cat|open_def_cat|prec_cat,18.6255487725587
elevation_cat|improved_water_cat|lst_day_cat|open_def_cat|rel_humidity_cat,18.4710822176769
elevation_cat|improved_water_cat|lst_day_cat|open_def_cat|soil_moisture_cat,18.5957815870751
elevation_cat|improved_water_cat|lst_day_cat|open_def_cat|soil_pH_cat,18.3999289840517
elevation_cat|improved_water_cat|lst_day_cat|open_def_cat|soil_temp_cat,18.5121821560143
elevation_cat|improved_water_cat|lst_day_cat|prec_cat|rel_humidity_cat,18.599597726005
elevation_cat|improved_water_cat|lst_day_cat|prec_cat|soil_moisture_cat,18.6846733941797
elevation_cat|improved_water_cat|lst_day_cat|prec_cat|soil_pH_cat,18.5832144880509
elevation_cat|improved_water_cat|lst_day_cat|prec_cat|soil_temp_cat,18.5788873121956
elevation_cat|improved_water_cat|lst_day_cat|rel_humidity_cat|soil_moisture_cat,18.5027851106143
elevation_cat|improved_water_cat|lst_day_cat|rel_humidity_cat|soil_pH_cat,18.3877029167651
elevation_cat|improved_water_cat|lst_day_cat|rel_humidity_cat|soil_temp_cat,18.4458920333321
elevation_cat|improved_water_cat|lst_day_cat|soil_moisture_cat|soil_pH_cat,18.5265521832114
elevation_cat|improved_water_cat|lst_day_cat|soil_moisture_cat|soil_temp_cat,18.581100826722
elevation_cat|improved_water_cat|lst_day_cat|soil_pH_cat|soil_temp_cat,18.4564753291692
elevation_cat|improved_water_cat|ndvi_cat|open_def_cat|prec_cat,18.5588640315555
elevation_cat|improved_water_cat|ndvi_cat|open_def_cat|rel_humidity_cat,18.4066497260237
elevation_cat|improved_water_cat|ndvi_cat|open_def_cat|soil_moisture_cat,18.5270933013101
elevation_cat|improved_water_cat|ndvi_cat|open_def_cat|soil_pH_cat,18.4889592417809
elevation_cat|improved_water_cat|ndvi_cat|open_def_cat|soil_temp_cat,18.4632599031202
elevation_cat|improved_water_cat|ndvi_cat|prec_cat|rel_humidity_cat,18.537828603872
elevation_cat|improved_water_cat|ndvi_cat|prec_cat|soil_moisture_cat,18.5851191712285
elevation_cat|improved_water_cat|ndvi_cat|prec_cat|soil_pH_cat,18.57413071275
elevation_cat|improved_water_cat|ndvi_cat|prec_cat|soil_temp_cat,18.5252809052144
elevation_cat|improved_water_cat|ndvi_cat|rel_humidity_cat|soil_moisture_cat,18.4205559510989
elevation_cat|improved_water_cat|ndvi_cat|rel_humidity_cat|soil_pH_cat,18.4143751194311
elevation_cat|improved_water_cat|ndvi_cat|rel_humidity_cat|soil_temp_cat,18.4012427485831
elevation_cat|improved_water_cat|ndvi_cat|soil_moisture_cat|soil_pH_cat,18.5429164814761
elevation_cat|improved_water_cat|ndvi_cat|soil_moisture_cat|soil_temp_cat,18.4933172805079
elevation_cat|improved_water_cat|ndvi_cat|soil_pH_cat|soil_temp_cat,18.4978534277712
elevation_cat|improved_water_cat|open_def_cat|prec_cat|rel_humidity_cat,18.591323545988
elevation_cat|improved_water_cat|open_def_cat|prec_cat|soil_moisture_cat,18.6270892866833
elevation_cat|improved_water_cat|open_def_cat|prec_cat|soil_pH_cat,18.5906693101575
elevation_cat|improved_water_cat|open_def_cat|prec_cat|soil_temp_cat,18.5792279941551
elevation_cat|improved_water_cat|open_def_cat|rel_humidity_cat|soil_moisture_cat,18.4849031076888
elevation_cat|improved_water_cat|open_def_cat|rel_humidity_cat|soil_pH_cat,18.4184721350815
elevation_cat|improved_water_cat|open_def_cat|rel_humidity_cat|soil_temp_cat,18.4451882644241
elevation_cat|improved_water_cat|open_def_cat|soil_moisture_cat|soil_pH_cat,18.5304891245836
elevation_cat|improved_water_cat|open_def_cat|soil_moisture_cat|soil_temp_cat,18.5803217349717
elevation_cat|improved_water_cat|open_def_cat|soil_pH_cat|soil_temp_cat,18.514656604264
elevation_cat|improved_water_cat|prec_cat|rel_humidity_cat|soil_moisture_cat,18.6281917292731
elevation_cat|improved_water_cat|prec_cat|rel_humidity_cat|soil_pH_cat,18.5156063341596
elevation_cat|improved_water_cat|prec_cat|rel_humidity_cat|soil_temp_cat,18.5334041552778
elevation_cat|improved_water_cat|prec_cat|soil_moisture_cat|soil_pH_cat,18.6207066435965
elevation_cat|improved_water_cat|prec_cat|soil_moisture_cat|soil_temp_cat,18.6562625761841
elevation_cat|improved_water_cat|prec_cat|soil_pH_cat|soil_temp_cat,18.592280760708
elevation_cat|improved_water_cat|rel_humidity_cat|soil_moisture_cat|soil_pH_cat,18.4861322751599
elevation_cat|improved_water_cat|rel_humidity_cat|soil_moisture_cat|soil_temp_cat,18.5897486728397
elevation_cat|improved_water_cat|rel_humidity_cat|soil_pH_cat|soil_temp_cat,18.4720031101004
elevation_cat|improved_water_cat|soil_moisture_cat|soil_pH_cat|soil_temp_cat,18.5705365601564
elevation_cat|lst_day_cat|ndvi_cat|open_def_cat|prec_cat,18.5070649308896
elevation_cat|lst_day_cat|ndvi_cat|open_def_cat|rel_humidity_cat,18.3636634086827
elevation_cat|lst_day_cat|ndvi_cat|open_def_cat|soil_moisture_cat,18.3492543054317
elevation_cat|lst_day_cat|ndvi_cat|open_def_cat|soil_pH_cat,18.3807287075847
elevation_cat|lst_day_cat|ndvi_cat|open_def_cat|soil_temp_cat,18.5476221264087
elevation_cat|lst_day_cat|ndvi_cat|prec_cat|rel_humidity_cat,18.531042258658
elevation_cat|lst_day_cat|ndvi_cat|prec_cat|soil_moisture_cat,18.5468224347746
elevation_cat|lst_day_cat|ndvi_cat|prec_cat|soil_pH_cat,18.5090464780002
elevation_cat|lst_day_cat|ndvi_cat|prec_cat|soil_temp_cat,18.482354779185
elevation_cat|lst_day_cat|ndvi_cat|rel_humidity_cat|soil_moisture_cat,18.3223649760375
elevation_cat|lst_day_cat|ndvi_cat|rel_humidity_cat|soil_pH_cat,18.2773908915561
elevation_cat|lst_day_cat|ndvi_cat|rel_humidity_cat|soil_temp_cat,18.4253840026495
elevation_cat|lst_day_cat|ndvi_cat|soil_moisture_cat|soil_pH_cat,18.3234543288226
elevation_cat|lst_day_cat|ndvi_cat|soil_moisture_cat|soil_temp_cat,18.5867000597501
elevation_cat|lst_day_cat|ndvi_cat|soil_pH_cat|soil_temp_cat,18.5041400324716
elevation_cat|lst_day_cat|open_def_cat|prec_cat|rel_humidity_cat,18.5245421962025
elevation_cat|lst_day_cat|open_def_cat|prec_cat|soil_moisture_cat,18.5405567320267
elevation_cat|lst_day_cat|open_def_cat|prec_cat|soil_pH_cat,18.5730919016675
elevation_cat|lst_day_cat|open_def_cat|prec_cat|soil_temp_cat,18.5630902496689
elevation_cat|lst_day_cat|open_def_cat|rel_humidity_cat|soil_moisture_cat,18.479619356152
elevation_cat|lst_day_cat|open_def_cat|rel_humidity_cat|soil_pH_cat,18.4147795283042
elevation_cat|lst_day_cat|open_def_cat|rel_humidity_cat|soil_temp_cat,18.5612458361116
elevation_cat|lst_day_cat|open_def_cat|soil_moisture_cat|soil_pH_cat,18.3289902341547
elevation_cat|lst_day_cat|open_def_cat|soil_moisture_cat|soil_temp_cat,18.6373684012118
elevation_cat|lst_day_cat|open_def_cat|soil_pH_cat|soil_temp_cat,18.4914440802276
elevation_cat|lst_day_cat|prec_cat|rel_humidity_cat|soil_moisture_cat,18.4620676865899
elevation_cat|lst_day_cat|prec_cat|rel_humidity_cat|soil_pH_cat,18.4766771173472
elevation_cat|lst_day_cat|prec_cat|rel_humidity_cat|soil_temp_cat,18.5185874663381
elevation_cat|lst_day_cat|prec_cat|soil_moisture_cat|soil_pH_cat,18.5670049036805
elevation_cat|lst_day_cat|prec_cat|soil_moisture_cat|soil_temp_cat,18.6791492750337
elevation_cat|lst_day_cat|prec_cat|soil_pH_cat|soil_temp_cat,18.5349545619738
elevation_cat|lst_day_cat|rel_humidity_cat|soil_moisture_cat|soil_pH_cat,18.4964415866674
elevation_cat|lst_day_cat|rel_humidity_cat|soil_moisture_cat|soil_temp_cat,18.6454308129893
elevation_cat|lst_day_cat|rel_humidity_cat|soil_pH_cat|soil_temp_cat,18.5099738866717
elevation_cat|lst_day_cat|soil_moisture_cat|soil_pH_cat|soil_temp_cat,18.5831242477291
elevation_cat|ndvi_cat|open_def_cat|prec_cat|rel_humidity_cat,18.5731157189727
elevation_cat|ndvi_cat|open_def_cat|prec_cat|soil_moisture_cat,18.5974268329993
elevation_cat|ndvi_cat|open_def_cat|prec_cat|soil_pH_cat,18.6340464361205
elevation_cat|ndvi_cat|open_def_cat|prec_cat|soil_temp_cat,18.4745379357083
elevation_cat|ndvi_cat|open_def_cat|rel_humidity_cat|soil_moisture_cat,18.4140520415887
elevation_cat|ndvi_cat|open_def_cat|rel_humidity_cat|soil_pH_cat,18.4311072880553
elevation_cat|ndvi_cat|open_def_cat|rel_humidity_cat|soil_temp_cat,18.4865851749351
elevation_cat|ndvi_cat|open_def_cat|soil_moisture_cat|soil_pH_cat,18.4181649939359
elevation_cat|ndvi_cat|open_def_cat|soil_moisture_cat|soil_temp_cat,18.5615379627552
elevation_cat|ndvi_cat|open_def_cat|soil_pH_cat|soil_temp_cat,18.5201968296261
elevation_cat|ndvi_cat|prec_cat|rel_humidity_cat|soil_moisture_cat,18.5718293974641
elevation_cat|ndvi_cat|prec_cat|rel_humidity_cat|soil_pH_cat,18.6092992369835
elevation_cat|ndvi_cat|prec_cat|rel_humidity_cat|soil_temp_cat,18.4523425121492
elevation_cat|ndvi_cat|prec_cat|soil_moisture_cat|soil_pH_cat,18.7078487505663
elevation_cat|ndvi_cat|prec_cat|soil_moisture_cat|soil_temp_cat,18.5735954473223
elevation_cat|ndvi_cat|prec_cat|soil_pH_cat|soil_temp_cat,18.6253491622278
elevation_cat|ndvi_cat|rel_humidity_cat|soil_moisture_cat|soil_pH_cat,18.4699487519179
elevation_cat|ndvi_cat|rel_humidity_cat|soil_moisture_cat|soil_temp_cat,18.5461479760157
elevation_cat|ndvi_cat|rel_humidity_cat|soil_pH_cat|soil_temp_cat,18.5160151981576
elevation_cat|ndvi_cat|soil_moisture_cat|soil_pH_cat|soil_temp_cat,18.5823042459921
elevation_cat|open_def_cat|prec_cat|rel_humidity_cat|soil_moisture_cat,18.5856544856029
elevation_cat|open_def_cat|prec_cat|rel_humidity_cat|soil_pH_cat,18.5562494603003
elevation_cat|open_def_cat|prec_cat|rel_humidity_cat|soil_temp_cat,18.4594285096766
elevation_cat|open_def_cat|prec_cat|soil_moisture_cat|soil_pH_cat,18.5141622895194
elevation_cat|open_def_cat|prec_cat|soil_moisture_cat|soil_temp_cat,18.6737044682905
elevation_cat|open_def_cat|prec_cat|soil_pH_cat|soil_temp_cat,18.5439634893062
elevation_cat|open_def_cat|rel_humidity_cat|soil_moisture_cat|soil_pH_cat,18.480125809206
elevation_cat|open_def_cat|rel_humidity_cat|soil_moisture_cat|soil_temp_cat,18.6252527169077
elevation_cat|open_def_cat|rel_humidity_cat|soil_pH_cat|soil_temp_cat,18.4984447342207
elevation_cat|open_def_cat|soil_moisture_cat|soil_pH_cat|soil_temp_cat,18.6316198774392
elevation_cat|prec_cat|rel_humidity_cat|soil_moisture_cat|soil_pH_cat,18.6138852566698
elevation_cat|prec_cat|rel_humidity_cat|soil_moisture_cat|soil_temp_cat,18.6789718045086
elevation_cat|prec_cat|rel_humidity_cat|soil_pH_cat|soil_temp_cat,18.5528113062974
elevation_cat|prec_cat|soil_moisture_cat|soil_pH_cat|soil_temp_cat,18.6905655380858
elevation_cat|rel_humidity_cat|soil_moisture_cat|soil_pH_cat|soil_temp_cat,18.6108165699968
improved_water_cat|lst_day_cat|ndvi_cat|open_def_cat|prec_cat,18.5664836255641
improved_water_cat|lst_day_cat|ndvi_cat|open_def_cat|rel_humidity_cat,18.5335798968269
improved_water_cat|lst_day_cat|ndvi_cat|open_def_cat|soil_moisture_cat,18.5715165425289
improved_water_cat|lst_day_cat|ndvi_cat|open_def_cat|soil_pH_cat,18.5926539599034
improved_water_cat|lst_day_cat|ndvi_cat|open_def_cat|soil_temp_cat,18.6060520563235
improved_water_cat|lst_day_cat|ndvi_cat|prec_cat|rel_humidity_cat,18.4684314902624
improved_water_cat|lst_day_cat|ndvi_cat|prec_cat|soil_moisture_cat,18.543968023919
improved_water_cat|lst_day_cat|ndvi_cat|prec_cat|soil_pH_cat,18.5408741284514
improved_water_cat|lst_day_cat|ndvi_cat|prec_cat|soil_temp_cat,18.5647898213472
improved_water_cat|lst_day_cat|ndvi_cat|rel_humidity_cat|soil_moisture_cat,18.4669439408128
improved_water_cat|lst_day_cat|ndvi_cat|rel_humidity_cat|soil_pH_cat,18.2731504327282
improved_water_cat|lst_day_cat|ndvi_cat|rel_humidity_cat|soil_temp_cat,18.5024168929278
improved_water_cat|lst_day_cat|ndvi_cat|soil_moisture_cat|soil_pH_cat,18.5265827167648
improved_water_cat|lst_day_cat|ndvi_cat|soil_moisture_cat|soil_temp_cat,18.5945385600372
improved_water_cat|lst_day_cat|ndvi_cat|soil_pH_cat|soil_temp_cat,18.5933990904949
improved_water_cat|lst_day_cat|open_def_cat|prec_cat|rel_humidity_cat,18.5886945487249
improved_water_cat|lst_day_cat|open_def_cat|prec_cat|soil_moisture_cat,18.6637412317919
improved_water_cat|lst_day_cat|open_def_cat|prec_cat|soil_pH_cat,18.565389611995
improved_water_cat|lst_day_cat|open_def_cat|prec_cat|soil_temp_cat,18.5542108928198
improved_water_cat|lst_day_cat|open_def_cat|rel_humidity_cat|soil_moisture_cat,18.5678208101324
improved_water_cat|lst_day_cat|open_def_cat|rel_humidity_cat|soil_pH_cat,18.4078881309807
improved_water_cat|lst_day_cat|open_def_cat|rel_humidity_cat|soil_temp_cat,18.5992218855497
improved_water_cat|lst_day_cat|open_def_cat|soil_moisture_cat|soil_pH_cat,18.4731886348634
improved_water_cat|lst_day_cat|open_def_cat|soil_moisture_cat|soil_temp_cat,18.6576777917116
improved_water_cat|lst_day_cat|open_def_cat|soil_pH_cat|soil_temp_cat,18.5589816788248
improved_water_cat|lst_day_cat|prec_cat|rel_humidity_cat|soil_moisture_cat,18.5974812093175
improved_water_cat|lst_day_cat|prec_cat|rel_humidity_cat|soil_pH_cat,18.3979069699094
improved_water_cat|lst_day_cat|prec_cat|rel_humidity_cat|soil_temp_cat,18.4809678167813
improved_water_cat|lst_day_cat|prec_cat|soil_moisture_cat|soil_pH_cat,18.5916120613753
improved_water_cat|lst_day_cat|prec_cat|soil_moisture_cat|soil_temp_cat,18.5942543024901
improved_water_cat|lst_day_cat|prec_cat|soil_pH_cat|soil_temp_cat,18.4840159553953
improved_water_cat|lst_day_cat|rel_humidity_cat|soil_moisture_cat|soil_pH_cat,18.4376941740497
improved_water_cat|lst_day_cat|rel_humidity_cat|soil_moisture_cat|soil_temp_cat,18.6255552493198
improved_water_cat|lst_day_cat|rel_humidity_cat|soil_pH_cat|soil_temp_cat,18.4963599498905
improved_water_cat|lst_day_cat|soil_moisture_cat|soil_pH_cat|soil_temp_cat,18.6075478033958
improved_water_cat|ndvi_cat|open_def_cat|prec_cat|rel_humidity_cat,18.6557811652245
improved_water_cat|ndvi_cat|open_def_cat|prec_cat|soil_moisture_cat,18.7531317919249
improved_water_cat|ndvi_cat|open_def_cat|prec_cat|soil_pH_cat,18.7623896643352
improved_water_cat|ndvi_cat|open_def_cat|prec_cat|soil_temp_cat,18.5510938254894
improved_water_cat|ndvi_cat|open_def_cat|rel_humidity_cat|soil_moisture_cat,18.5686494694112
improved_water_cat|ndvi_cat|open_def_cat|rel_humidity_cat|soil_pH_cat,18.446727786867
improved_water_cat|ndvi_cat|open_def_cat|rel_humidity_cat|soil_temp_cat,18.5327476867257
improved_water_cat|ndvi_cat|open_def_cat|soil_moisture_cat|soil_pH_cat,18.6882935269693
improved_water_cat|ndvi_cat|open_def_cat|soil_moisture_cat|soil_temp_cat,18.5641228352204
improved_water_cat|ndvi_cat|open_def_cat|soil_pH_cat|soil_temp_cat,18.5976717996816
improved_water_cat|ndvi_cat|prec_cat|rel_humidity_cat|soil_moisture_cat,18.659851246047
improved_water_cat|ndvi_cat|prec_cat|rel_humidity_cat|soil_pH_cat,18.6483619718879
improved_water_cat|ndvi_cat|prec_cat|rel_humidity_cat|soil_temp_cat,18.4865009672221
improved_water_cat|ndvi_cat|prec_cat|soil_moisture_cat|soil_pH_cat,18.7440075812384
improved_water_cat|ndvi_cat|prec_cat|soil_moisture_cat|soil_temp_cat,18.5497906703081
improved_water_cat|ndvi_cat|prec_cat|soil_pH_cat|soil_temp_cat,18.5590847860967
improved_water_cat|ndvi_cat|rel_humidity_cat|soil_moisture_cat|soil_pH_cat,18.4090696138427
improved_water_cat|ndvi_cat|rel_humidity_cat|soil_moisture_cat|soil_temp_cat,18.5453146922861
improved_water_cat|ndvi_cat|rel_humidity_cat|soil_pH_cat|soil_temp_cat,18.5398400926657
improved_water_cat|ndvi_cat|soil_moisture_cat|soil_pH_cat|soil_temp_cat,18.5838108298547
improved_water_cat|open_def_cat|prec_cat|rel_humidity_cat|soil_moisture_cat,18.707995496092
improved_water_cat|open_def_cat|prec_cat|rel_humidity_cat|soil_pH_cat,18.6814267759984
improved_water_cat|open_def_cat|prec_cat|rel_humidity_cat|soil_temp_cat,18.540008644975
improved_water_cat|open_def_cat|prec_cat|soil_moisture_cat|soil_pH_cat,18.7268913981871
improved_water_cat|open_def_cat|prec_cat|soil_moisture_cat|soil_temp_cat,18.6244247957666
improved_water_cat|open_def_cat|prec_cat|soil_pH_cat|soil_temp_cat,18.5509739129125
improved_water_cat|open_def_cat|rel_humidity_cat|soil_moisture_cat|soil_pH_cat,18.4852430658416
improved_water_cat|open_def_cat|rel_humidity_cat|soil_moisture_cat|soil_temp_cat,18.6196812382788
improved_water_cat|open_def_cat|rel_humidity_cat|soil_pH_cat|soil_temp_cat,18.5361564994253
improved_water_cat|open_def_cat|soil_moisture_cat|soil_pH_cat|soil_temp_cat,18.6035512449442
improved_water_cat|prec_cat|rel_humidity_cat|soil_moisture_cat|soil_pH_cat,18.610358244576
improved_water_cat|prec_cat|rel_humidity_cat|soil_moisture_cat|soil_temp_cat,18.5821802212608
improved_water_cat|prec_cat|rel_humidity_cat|soil_pH_cat|soil_temp_cat,18.4751445428091
improved_water_cat|prec_cat|soil_moisture_cat|soil_pH_cat|soil_temp_cat,18.6175294585809
improved_water_cat|rel_humidity_cat|soil_moisture_cat|soil_pH_cat|soil_temp_cat,18.5621289575434
lst_day_cat|ndvi_cat|open_def_cat|prec_cat|rel_humidity_cat,18.4720713611446
lst_day_cat|ndvi_cat|open_def_cat|prec_cat|soil_moisture_cat,18.4652996796371
lst_day_cat|ndvi_cat|open_def_cat|prec_cat|soil_pH_cat,18.4771767502001
lst_day_cat|ndvi_cat|open_def_cat|prec_cat|soil_temp_cat,18.5859187791988
lst_day_cat|ndvi_cat|open_def_cat|rel_humidity_cat|soil_moisture_cat,18.4636850299462
lst_day_cat|ndvi_cat|open_def_cat|rel_humidity_cat|soil_pH_cat,18.2992529719141
lst_day_cat|ndvi_cat|open_def_cat|rel_humidity_cat|soil_temp_cat,18.5768445083651
lst_day_cat|ndvi_cat|open_def_cat|soil_moisture_cat|soil_pH_cat,18.2968126712553
lst_day_cat|ndvi_cat|open_def_cat|soil_moisture_cat|soil_temp_cat,18.6102749451787
lst_day_cat|ndvi_cat|open_def_cat|soil_pH_cat|soil_temp_cat,18.6022250111155
lst_day_cat|ndvi_cat|prec_cat|rel_humidity_cat|soil_moisture_cat,18.5232339255295
lst_day_cat|ndvi_cat|prec_cat|rel_humidity_cat|soil_pH_cat,18.378850999195
lst_day_cat|ndvi_cat|prec_cat|rel_humidity_cat|soil_temp_cat,18.5753855591938
lst_day_cat|ndvi_cat|prec_cat|soil_moisture_cat|soil_pH_cat,18.419800448018
lst_day_cat|ndvi_cat|prec_cat|soil_moisture_cat|soil_temp_cat,18.6278457806861
lst_day_cat|ndvi_cat|prec_cat|soil_pH_cat|soil_temp_cat,18.5817639394089
lst_day_cat|ndvi_cat|rel_humidity_cat|soil_moisture_cat|soil_pH_cat,18.3029791367898
lst_day_cat|ndvi_cat|rel_humidity_cat|soil_moisture_cat|soil_temp_cat,18.5823429970688
lst_day_cat|ndvi_cat|rel_humidity_cat|soil_pH_cat|soil_temp_cat,18.597247371914
lst_day_cat|ndvi_cat|soil_moisture_cat|soil_pH_cat|soil_temp_cat,18.6061568486761
lst_day_cat|open_def_cat|prec_cat|rel_humidity_cat|soil_moisture_cat,18.3550345969764
lst_day_cat|open_def_cat|prec_cat|rel_humidity_cat|soil_pH_cat,18.4319457334768
lst_day_cat|open_def_cat|prec_cat|rel_humidity_cat|soil_temp_cat,18.5703504070461
lst_day_cat|open_def_cat|prec_cat|soil_moisture_cat|soil_pH_cat,18.4706174856014
lst_day_cat|open_def_cat|prec_cat|soil_moisture_cat|soil_temp_cat,18.6197389688581
lst_day_cat|open_def_cat|prec_cat|soil_pH_cat|soil_temp_cat,18.415580004434
lst_day_cat|open_def_cat|rel_humidity_cat|soil_moisture_cat|soil_pH_cat,18.4642804270899
lst_day_cat|open_def_cat|rel_humidity_cat|soil_moisture_cat|soil_temp_cat,18.6530001349406
lst_day_cat|open_def_cat|rel_humidity_cat|soil_pH_cat|soil_temp_cat,18.4831066332928
lst_day_cat|open_def_cat|soil_moisture_cat|soil_pH_cat|soil_temp_cat,18.5992718103959
lst_day_cat|prec_cat|rel_humidity_cat|soil_moisture_cat|soil_pH_cat,18.4710659599797
lst_day_cat|prec_cat|rel_humidity_cat|soil_moisture_cat|soil_temp_cat,18.6371353285919
lst_day_cat|prec_cat|rel_humidity_cat|soil_pH_cat|soil_temp_cat,18.579367388977
lst_day_cat|prec_cat|soil_moisture_cat|soil_pH_cat|soil_temp_cat,18.6145444977071
lst_day_cat|rel_humidity_cat|soil_moisture_cat|soil_pH_cat|soil_temp_cat,18.6220156748768
ndvi_cat|open_def_cat|prec_cat|rel_humidity_cat|soil_moisture_cat,18.6907169333509
ndvi_cat|open_def_cat|prec_cat|rel_humidity_cat|soil_pH_cat,18.6306342879932
ndvi_cat|open_def_cat|prec_cat|rel_humidity_cat|soil_temp_cat,18.5940044141795
ndvi_cat|open_def_cat|prec_cat|soil_moisture_cat|soil_pH_cat,18.7137925459924
ndvi_cat|open_def_cat|prec_cat|soil_moisture_cat|soil_temp_cat,18.5973997818199
ndvi_cat|open_def_cat|prec_cat|soil_pH_cat|soil_temp_cat,18.6649050748517
ndvi_cat|open_def_cat|rel_humidity_cat|soil_moisture_cat|soil_pH_cat,18.3910863654404
ndvi_cat|open_def_cat|rel_humidity_cat|soil_moisture_cat|soil_temp_cat,18.5923457584169
ndvi_cat|open_def_cat|rel_humidity_cat|soil_pH_cat|soil_temp_cat,18.62232497932
ndvi_cat|open_def_cat|soil_moisture_cat|soil_pH_cat|soil_temp_cat,18.6278358895938
ndvi_cat|prec_cat|rel_humidity_cat|soil_moisture_cat|soil_pH_cat,18.6513280924846
ndvi_cat|prec_cat|rel_humidity_cat|soil_moisture_cat|soil_temp_cat,18.6238412529029
ndvi_cat|prec_cat|rel_humidity_cat|soil_pH_cat|soil_temp_cat,18.6283367163176
ndvi_cat|prec_cat|soil_moisture_cat|soil_pH_cat|soil_temp_cat,18.6580416814279
ndvi_cat|rel_humidity_cat|soil_moisture_cat|soil_pH_cat|soil_temp_cat,18.6428621730468
open_def_cat|prec_cat|rel_humidity_cat|soil_moisture_cat|soil_pH_cat,18.5951303286712
open_def_cat|prec_cat|rel_humidity_cat|soil_moisture_cat|soil_temp_cat,18.6276421277053
open_def_cat|prec_cat|rel_humidity_cat|soil_pH_cat|soil_temp_cat,18.571559323509
open_def_cat|prec_cat|soil_moisture_cat|soil_pH_cat|soil_temp_cat,18.6739929027454
open_def_cat|rel_humidity_cat|soil_moisture_cat|soil_pH_cat|soil_temp_cat,18.6118998327299
prec_cat|rel_humidity_cat|soil_moisture_cat|soil_pH_cat|soil_temp_cat,18.6393958241711
elevation_cat|improved_water_cat|lst_day_cat|ndvi_cat|open_def_cat|prec_cat,18.6016680845502
elevation_cat|improved_water_cat|lst_day_cat|ndvi_cat|open_def_cat|rel_humidity_cat,18.4247706714326
elevation_cat|improved_water_cat|lst_day_cat|ndvi_cat|open_def_cat|soil_moisture_cat,18.5611270775707
elevation_cat|improved_water_cat|lst_day_cat|ndvi_cat|open_def_cat|soil_pH_cat,18.4818768196841
elevation_cat|improved_water_cat|lst_day_cat|ndvi_cat|open_def_cat|soil_temp_cat,18.5266503944428
elevation_cat|improved_water_cat|lst_day_cat|ndvi_cat|prec_cat|rel_humidity_cat,18.5365511996545
elevation_cat|improved_water_cat|lst_day_cat|ndvi_cat|prec_cat|soil_moisture_cat,18.6446736918925
elevation_cat|improved_water_cat|lst_day_cat|ndvi_cat|prec_cat|soil_pH_cat,18.603644929366
elevation_cat|improved_water_cat|lst_day_cat|ndvi_cat|prec_cat|soil_temp_cat,18.5731899326241
elevation_cat|improved_water_cat|lst_day_cat|ndvi_cat|rel_humidity_cat|soil_moisture_cat,18.3956985438783
elevation_cat|improved_water_cat|lst_day_cat|ndvi_cat|rel_humidity_cat|soil_pH_cat,18.3998251746924
elevation_cat|improved_water_cat|lst_day_cat|ndvi_cat|rel_humidity_cat|soil_temp_cat,18.4140129479933
elevation_cat|improved_water_cat|lst_day_cat|ndvi_cat|soil_moisture_cat|soil_pH_cat,18.5261182569349
elevation_cat|improved_water_cat|lst_day_cat|ndvi_cat|soil_moisture_cat|soil_temp_cat,18.517025537078
elevation_cat|improved_water_cat|lst_day_cat|ndvi_cat|soil_pH_cat|soil_temp_cat,18.4753819102451
elevation_cat|improved_water_cat|lst_day_cat|open_def_cat|prec_cat|rel_humidity_cat,18.5860578499896
elevation_cat|improved_water_cat|lst_day_cat|open_def_cat|prec_cat|soil_moisture_cat,18.7094491928537
elevation_cat|improved_water_cat|lst_day_cat|open_def_cat|prec_cat|soil_pH_cat,18.5995000607102
elevation_cat|improved_water_cat|lst_day_cat|open_def_cat|prec_cat|soil_temp_cat,18.6085502013696
elevation_cat|improved_water_cat|lst_day_cat|open_def_cat|rel_humidity_cat|soil_moisture_cat,18.5179886631687
elevation_cat|improved_water_cat|lst_day_cat|open_def_cat|rel_humidity_cat|soil_pH_cat,18.3856085390662
elevation_cat|improved_water_cat|lst_day_cat|open_def_cat|rel_humidity_cat|soil_temp_cat,18.4882340829236
elevation_cat|improved_water_cat|lst_day_cat|open_def_cat|soil_moisture_cat|soil_pH_cat,18.5312240032703
elevation_cat|improved_water_cat|lst_day_cat|open_def_cat|soil_moisture_cat|soil_temp_cat,18.5748171049314
elevation_cat|improved_water_cat|lst_day_cat|open_def_cat|soil_pH_cat|soil_temp_cat,18.5002705699301
elevation_cat|improved_water_cat|lst_day_cat|prec_cat|rel_humidity_cat|soil_moisture_cat,18.6439875045644
elevation_cat|improved_water_cat|lst_day_cat|prec_cat|rel_humidity_cat|soil_pH_cat,18.5693400246485
elevation_cat|improved_water_cat|lst_day_cat|prec_cat|rel_humidity_cat|soil_temp_cat,18.5362942570557
elevation_cat|improved_water_cat|lst_day_cat|prec_cat|soil_moisture_cat|soil_pH_cat,18.6765154031803
elevation_cat|improved_water_cat|lst_day_cat|prec_cat|soil_moisture_cat|soil_temp_cat,18.6805088172453
elevation_cat|improved_water_cat|lst_day_cat|prec_cat|soil_pH_cat|soil_temp_cat,18.588292073205
elevation_cat|improved_water_cat|lst_day_cat|rel_humidity_cat|soil_moisture_cat|soil_pH_cat,18.4691645808987
elevation_cat|improved_water_cat|lst_day_cat|rel_humidity_cat|soil_moisture_cat|soil_temp_cat,18.5510739335832
elevation_cat|improved_water_cat|lst_day_cat|rel_humidity_cat|soil_pH_cat|soil_temp_cat,18.4328031381791
elevation_cat|improved_water_cat|lst_day_cat|soil_moisture_cat|soil_pH_cat|soil_temp_cat,18.5776860507697
elevation_cat|improved_water_cat|ndvi_cat|open_def_cat|prec_cat|rel_humidity_cat,18.5742110594167
elevation_cat|improved_water_cat|ndvi_cat|open_def_cat|prec_cat|soil_moisture_cat,18.6062019918828
elevation_cat|improved_water_cat|ndvi_cat|open_def_cat|prec_cat|soil_pH_cat,18.6581191998347
elevation_cat|improved_water_cat|ndvi_cat|open_def_cat|prec_cat|soil_temp_cat,18.5640047551178
elevation_cat|improved_water_cat|ndvi_cat|open_def_cat|rel_humidity_cat|soil_moisture_cat,18.508107727287
elevation_cat|improved_water_cat|ndvi_cat|open_def_cat|rel_humidity_cat|soil_pH_cat,18.4359503982487
elevation_cat|improved_water_cat|ndvi_cat|open_def_cat|rel_humidity_cat|soil_temp_cat,18.4092628116255
elevation_cat|improved_water_cat|ndvi_cat|open_def_cat|soil_moisture_cat|soil_pH_cat,18.6086376149896
elevation_cat|improved_water_cat|ndvi_cat|open_def_cat|soil_moisture_cat|soil_temp_cat,18.5686457528099
elevation_cat|improved_water_cat|ndvi_cat|open_def_cat|soil_pH_cat|soil_temp_cat,18.5547244207704
elevation_cat|improved_water_cat|ndvi_cat|prec_cat|rel_humidity_cat|soil_moisture_cat,18.5933844812936
elevation_cat|improved_water_cat|ndvi_cat|prec_cat|rel_humidity_cat|soil_pH_cat,18.5645381169332
elevation_cat|improved_water_cat|ndvi_cat|prec_cat|rel_humidity_cat|soil_temp_cat,18.4913380593103
elevation_cat|improved_water_cat|ndvi_cat|prec_cat|soil_moisture_cat|soil_pH_cat,18.6696978814724
elevation_cat|improved_water_cat|ndvi_cat|prec_cat|soil_moisture_cat|soil_temp_cat,18.6233142983881
elevation_cat|improved_water_cat|ndvi_cat|prec_cat|soil_pH_cat|soil_temp_cat,18.6230077110761
elevation_cat|improved_water_cat|ndvi_cat|rel_humidity_cat|soil_moisture_cat|soil_pH_cat,18.4900009383527
elevation_cat|improved_water_cat|ndvi_cat|rel_humidity_cat|soil_moisture_cat|soil_temp_cat,18.570334767644
elevation_cat|improved_water_cat|ndvi_cat|rel_humidity_cat|soil_pH_cat|soil_temp_cat,18.4723020925378
elevation_cat|improved_water_cat|ndvi_cat|soil_moisture_cat|soil_pH_cat|soil_temp_cat,18.5909231403632
elevation_cat|improved_water_cat|open_def_cat|prec_cat|rel_humidity_cat|soil_moisture_cat,18.6416197782174
elevation_cat|improved_water_cat|open_def_cat|prec_cat|rel_humidity_cat|soil_pH_cat,18.5348844565357
elevation_cat|improved_water_cat|open_def_cat|prec_cat|rel_humidity_cat|soil_temp_cat,18.6444817311705
elevation_cat|improved_water_cat|open_def_cat|prec_cat|soil_moisture_cat|soil_pH_cat,18.6356975176561
elevation_cat|improved_water_cat|open_def_cat|prec_cat|soil_moisture_cat|soil_temp_cat,18.6760513320166
elevation_cat|improved_water_cat|open_def_cat|prec_cat|soil_pH_cat|soil_temp_cat,18.6190764419402
elevation_cat|improved_water_cat|open_def_cat|rel_humidity_cat|soil_moisture_cat|soil_pH_cat,18.5323974587655
elevation_cat|improved_water_cat|open_def_cat|rel_humidity_cat|soil_moisture_cat|soil_temp_cat,18.5676143941524
elevation_cat|improved_water_cat|open_def_cat|rel_humidity_cat|soil_pH_cat|soil_temp_cat,18.5118692785285
elevation_cat|improved_water_cat|open_def_cat|soil_moisture_cat|soil_pH_cat|soil_temp_cat,18.6047188802666
elevation_cat|improved_water_cat|prec_cat|rel_humidity_cat|soil_moisture_cat|soil_pH_cat,18.5580891754234
elevation_cat|improved_water_cat|prec_cat|rel_humidity_cat|soil_moisture_cat|soil_temp_cat,18.6867283461014
elevation_cat|improved_water_cat|prec_cat|rel_humidity_cat|soil_pH_cat|soil_temp_cat,18.6118645519217
elevation_cat|improved_water_cat|prec_cat|soil_moisture_cat|soil_pH_cat|soil_temp_cat,18.6724661846258
elevation_cat|improved_water_cat|rel_humidity_cat|soil_moisture_cat|soil_pH_cat|soil_temp_cat,18.5926330597161
elevation_cat|lst_day_cat|ndvi_cat|open_def_cat|prec_cat|rel_humidity_cat,18.6119102296823
elevation_cat|lst_day_cat|ndvi_cat|open_def_cat|prec_cat|soil_moisture_cat,18.6080802406661
elevation_cat|lst_day_cat|ndvi_cat|open_def_cat|prec_cat|soil_pH_cat,18.6459310951621
elevation_cat|lst_day_cat|ndvi_cat|open_def_cat|prec_cat|soil_temp_cat,18.6299028388392
elevation_cat|lst_day_cat|ndvi_cat|open_def_cat|rel_humidity_cat|soil_moisture_cat,18.4356976627056
elevation_cat|lst_day_cat|ndvi_cat|open_def_cat|rel_humidity_cat|soil_pH_cat,18.4761557328736
elevation_cat|lst_day_cat|ndvi_cat|open_def_cat|rel_humidity_cat|soil_temp_cat,18.5121699071757
elevation_cat|lst_day_cat|ndvi_cat|open_def_cat|soil_moisture_cat|soil_pH_cat,18.4663903918296
elevation_cat|lst_day_cat|ndvi_cat|open_def_cat|soil_moisture_cat|soil_temp_cat,18.5925463482404
elevation_cat|lst_day_cat|ndvi_cat|open_def_cat|soil_pH_cat|soil_temp_cat,18.5327419696511
elevation_cat|lst_day_cat|ndvi_cat|prec_cat|rel_humidity_cat|soil_moisture_cat,18.6188615333528
elevation_cat|lst_day_cat|ndvi_cat|prec_cat|rel_humidity_cat|soil_pH_cat,18.6278448159859
elevation_cat|lst_day_cat|ndvi_cat|prec_cat|rel_humidity_cat|soil_temp_cat,18.5096840460561
elevation_cat|lst_day_cat|ndvi_cat|prec_cat|soil_moisture_cat|soil_pH_cat,18.5782499223138
elevation_cat|lst_day_cat|ndvi_cat|prec_cat|soil_moisture_cat|soil_temp_cat,18.6457764599575
elevation_cat|lst_day_cat|ndvi_cat|prec_cat|soil_pH_cat|soil_temp_cat,18.6490918767925
elevation_cat|lst_day_cat|ndvi_cat|rel_humidity_cat|soil_moisture_cat|soil_pH_cat,18.4458946436754
elevation_cat|lst_day_cat|ndvi_cat|rel_humidity_cat|soil_moisture_cat|soil_temp_cat,18.5503512278866
elevation_cat|lst_day_cat|ndvi_cat|rel_humidity_cat|soil_pH_cat|soil_temp_cat,18.5288200386294
elevation_cat|lst_day_cat|ndvi_cat|soil_moisture_cat|soil_pH_cat|soil_temp_cat,18.5758645450453
elevation_cat|lst_day_cat|open_def_cat|prec_cat|rel_humidity_cat|soil_moisture_cat,18.6178699248723
elevation_cat|lst_day_cat|open_def_cat|prec_cat|rel_humidity_cat|soil_pH_cat,18.5597630601119
elevation_cat|lst_day_cat|open_def_cat|prec_cat|rel_humidity_cat|soil_temp_cat,18.5783755029103
elevation_cat|lst_day_cat|open_def_cat|prec_cat|soil_moisture_cat|soil_pH_cat,18.6030891263441
elevation_cat|lst_day_cat|open_def_cat|prec_cat|soil_moisture_cat|soil_temp_cat,18.7120552436063
elevation_cat|lst_day_cat|open_def_cat|prec_cat|soil_pH_cat|soil_temp_cat,18.6207809926378
elevation_cat|lst_day_cat|open_def_cat|rel_humidity_cat|soil_moisture_cat|soil_pH_cat,18.5524710522754
elevation_cat|lst_day_cat|open_def_cat|rel_humidity_cat|soil_moisture_cat|soil_temp_cat,18.6750468770757
elevation_cat|lst_day_cat|open_def_cat|rel_humidity_cat|soil_pH_cat|soil_temp_cat,18.5267242868565
elevation_cat|lst_day_cat|open_def_cat|soil_moisture_cat|soil_pH_cat|soil_temp_cat,18.593965988483
elevation_cat|lst_day_cat|prec_cat|rel_humidity_cat|soil_moisture_cat|soil_pH_cat,18.6057461911885
elevation_cat|lst_day_cat|prec_cat|rel_humidity_cat|soil_moisture_cat|soil_temp_cat,18.7156897476775
elevation_cat|lst_day_cat|prec_cat|rel_humidity_cat|soil_pH_cat|soil_temp_cat,18.5561563066784
elevation_cat|lst_day_cat|prec_cat|soil_moisture_cat|soil_pH_cat|soil_temp_cat,18.6713706520002
elevation_cat|lst_day_cat|rel_humidity_cat|soil_moisture_cat|soil_pH_cat|soil_temp_cat,18.6175438291449
elevation_cat|ndvi_cat|open_def_cat|prec_cat|rel_humidity_cat|soil_moisture_cat,18.6035348213942
elevation_cat|ndvi_cat|open_def_cat|prec_cat|rel_humidity_cat|soil_pH_cat,18.6281400967892
elevation_cat|ndvi_cat|open_def_cat|prec_cat|rel_humidity_cat|soil_temp_cat,18.5641507815984
elevation_cat|ndvi_cat|open_def_cat|prec_cat|soil_moisture_cat|soil_pH_cat,18.7312340351942
elevation_cat|ndvi_cat|open_def_cat|prec_cat|soil_moisture_cat|soil_temp_cat,18.6309690606172
elevation_cat|ndvi_cat|open_def_cat|prec_cat|soil_pH_cat|soil_temp_cat,18.666803025747
elevation_cat|ndvi_cat|open_def_cat|rel_humidity_cat|soil_moisture_cat|soil_pH_cat,18.5045550097026
elevation_cat|ndvi_cat|open_def_cat|rel_humidity_cat|soil_moisture_cat|soil_temp_cat,18.5891015516889
elevation_cat|ndvi_cat|open_def_cat|rel_humidity_cat|soil_pH_cat|soil_temp_cat,18.5551270167102
elevation_cat|ndvi_cat|open_def_cat|soil_moisture_cat|soil_pH_cat|soil_temp_cat,18.6264123774062
elevation_cat|ndvi_cat|prec_cat|rel_humidity_cat|soil_moisture_cat|soil_pH_cat,18.6592316115259
elevation_cat|ndvi_cat|prec_cat|rel_humidity_cat|soil_moisture_cat|soil_temp_cat,18.599411854288
elevation_cat|ndvi_cat|prec_cat|rel_humidity_cat|soil_pH_cat|soil_temp_cat,18.6480466832641
elevation_cat|ndvi_cat|prec_cat|soil_moisture_cat|soil_pH_cat|soil_temp_cat,18.708186577007
elevation_cat|ndvi_cat|rel_humidity_cat|soil_moisture_cat|soil_pH_cat|soil_temp_cat,18.619077042425
elevation_cat|open_def_cat|prec_cat|rel_humidity_cat|soil_moisture_cat|soil_pH_cat,18.5754479973577
elevation_cat|open_def_cat|prec_cat|rel_humidity_cat|soil_moisture_cat|soil_temp_cat,18.7073241654373
elevation_cat|open_def_cat|prec_cat|rel_humidity_cat|soil_pH_cat|soil_temp_cat,18.5689824826219
elevation_cat|open_def_cat|prec_cat|soil_moisture_cat|soil_pH_cat|soil_temp_cat,18.7013086343604
elevation_cat|open_def_cat|rel_humidity_cat|soil_moisture_cat|soil_pH_cat|soil_temp_cat,18.6264580634677
elevation_cat|prec_cat|rel_humidity_cat|soil_moisture_cat|soil_pH_cat|soil_temp_cat,18.7114455711286
improved_water_cat|lst_day_cat|ndvi_cat|open_def_cat|prec_cat|rel_humidity_cat,18.5263148437281
improved_water_cat|lst_day_cat|ndvi_cat|open_def_cat|prec_cat|soil_moisture_cat,18.5824019259364
improved_water_cat|lst_day_cat|ndvi_cat|open_def_cat|prec_cat|soil_pH_cat,18.5857170971266
improved_water_cat|lst_day_cat|ndvi_cat|open_def_cat|prec_cat|soil_temp_cat,18.5991695972179
improved_water_cat|lst_day_cat|ndvi_cat|open_def_cat|rel_humidity_cat|soil_moisture_cat,18.5525062931349
improved_water_cat|lst_day_cat|ndvi_cat|open_def_cat|rel_humidity_cat|soil_pH_cat,18.4855460834509
improved_water_cat|lst_day_cat|ndvi_cat|open_def_cat|rel_humidity_cat|soil_temp_cat,18.6087430334752
improved_water_cat|lst_day_cat|ndvi_cat|open_def_cat|soil_moisture_cat|soil_pH_cat,18.5827802463995
improved_water_cat|lst_day_cat|ndvi_cat|open_def_cat|soil_moisture_cat|soil_temp_cat,18.6116799826418
improved_water_cat|lst_day_cat|ndvi_cat|open_def_cat|soil_pH_cat|soil_temp_cat,18.5830362594477
improved_water_cat|lst_day_cat|ndvi_cat|prec_cat|rel_humidity_cat|soil_moisture_cat,18.5246880487285
improved_water_cat|lst_day_cat|ndvi_cat|prec_cat|rel_humidity_cat|soil_pH_cat,18.4787673349919
improved_water_cat|lst_day_cat|ndvi_cat|prec_cat|rel_humidity_cat|soil_temp_cat,18.5634636261316
improved_water_cat|lst_day_cat|ndvi_cat|prec_cat|soil_moisture_cat|soil_pH_cat,18.5851667619942
improved_water_cat|lst_day_cat|ndvi_cat|prec_cat|soil_moisture_cat|soil_temp_cat,18.6312358792797
improved_water_cat|lst_day_cat|ndvi_cat|prec_cat|soil_pH_cat|soil_temp_cat,18.5712972553478
improved_water_cat|lst_day_cat|ndvi_cat|rel_humidity_cat|soil_moisture_cat|soil_pH_cat,18.4690470608721
improved_water_cat|lst_day_cat|ndvi_cat|rel_humidity_cat|soil_moisture_cat|soil_temp_cat,18.5811807167041
improved_water_cat|lst_day_cat|ndvi_cat|rel_humidity_cat|soil_pH_cat|soil_temp_cat,18.5559523977412
improved_water_cat|lst_day_cat|ndvi_cat|soil_moisture_cat|soil_pH_cat|soil_temp_cat,18.5999040338073
improved_water_cat|lst_day_cat|open_def_cat|prec_cat|rel_humidity_cat|soil_moisture_cat,18.6194220369686
improved_water_cat|lst_day_cat|open_def_cat|prec_cat|rel_humidity_cat|soil_pH_cat,18.4542390668775
improved_water_cat|lst_day_cat|open_def_cat|prec_cat|rel_humidity_cat|soil_temp_cat,18.5837436813427
improved_water_cat|lst_day_cat|open_def_cat|prec_cat|soil_moisture_cat|soil_pH_cat,18.6048686724787
improved_water_cat|lst_day_cat|open_def_cat|prec_cat|soil_moisture_cat|soil_temp_cat,18.6189409527931
improved_water_cat|lst_day_cat|open_def_cat|prec_cat|soil_pH_cat|soil_temp_cat,18.5474704202701
improved_water_cat|lst_day_cat|open_def_cat|rel_humidity_cat|soil_moisture_cat|soil_pH_cat,18.4261338089399
improved_water_cat|lst_day_cat|open_def_cat|rel_humidity_cat|soil_moisture_cat|soil_temp_cat,18.6429896737138
improved_water_cat|lst_day_cat|open_def_cat|rel_humidity_cat|soil_pH_cat|soil_temp_cat,18.4756724974721
improved_water_cat|lst_day_cat|open_def_cat|soil_moisture_cat|soil_pH_cat|soil_temp_cat,18.6053223937273
improved_water_cat|lst_day_cat|prec_cat|rel_humidity_cat|soil_moisture_cat|soil_pH_cat,18.4761681933786
improved_water_cat|lst_day_cat|prec_cat|rel_humidity_cat|soil_moisture_cat|soil_temp_cat,18.5934471767032
improved_water_cat|lst_day_cat|prec_cat|rel_humidity_cat|soil_pH_cat|soil_temp_cat,18.4716619018474
improved_water_cat|lst_day_cat|prec_cat|soil_moisture_cat|soil_pH_cat|soil_temp_cat,18.5665960976342
improved_water_cat|lst_day_cat|rel_humidity_cat|soil_moisture_cat|soil_pH_cat|soil_temp_cat,18.592698801854
improved_water_cat|ndvi_cat|open_def_cat|prec_cat|rel_humidity_cat|soil_moisture_cat,18.6758964677431
improved_water_cat|ndvi_cat|open_def_cat|prec_cat|rel_humidity_cat|soil_pH_cat,18.6684454021533
improved_water_cat|ndvi_cat|open_def_cat|prec_cat|rel_humidity_cat|soil_temp_cat,18.5312462358854
improved_water_cat|ndvi_cat|open_def_cat|prec_cat|soil_moisture_cat|soil_pH_cat,18.754568785575
improved_water_cat|ndvi_cat|open_def_cat|prec_cat|soil_moisture_cat|soil_temp_cat,18.6231359993938
improved_water_cat|ndvi_cat|open_def_cat|prec_cat|soil_pH_cat|soil_temp_cat,18.628106793574
improved_water_cat|ndvi_cat|open_def_cat|rel_humidity_cat|soil_moisture_cat|soil_pH_cat,18.609807080524
improved_water_cat|ndvi_cat|open_def_cat|rel_humidity_cat|soil_moisture_cat|soil_temp_cat,18.5551834793924
improved_water_cat|ndvi_cat|open_def_cat|rel_humidity_cat|soil_pH_cat|soil_temp_cat,18.5349296537968
improved_water_cat|ndvi_cat|open_def_cat|soil_moisture_cat|soil_pH_cat|soil_temp_cat,18.6089051412255
improved_water_cat|ndvi_cat|prec_cat|rel_humidity_cat|soil_moisture_cat|soil_pH_cat,18.6768222006943
improved_water_cat|ndvi_cat|prec_cat|rel_humidity_cat|soil_moisture_cat|soil_temp_cat,18.5598875229964
improved_water_cat|ndvi_cat|prec_cat|rel_humidity_cat|soil_pH_cat|soil_temp_cat,18.5468962671065
improved_water_cat|ndvi_cat|prec_cat|soil_moisture_cat|soil_pH_cat|soil_temp_cat,18.635978052296
improved_water_cat|ndvi_cat|rel_humidity_cat|soil_moisture_cat|soil_pH_cat|soil_temp_cat,18.5881575063937
improved_water_cat|open_def_cat|prec_cat|rel_humidity_cat|soil_moisture_cat|soil_pH_cat,18.6434683025313
improved_water_cat|open_def_cat|prec_cat|rel_humidity_cat|soil_moisture_cat|soil_temp_cat,18.6314693846146
improved_water_cat|open_def_cat|prec_cat|rel_humidity_cat|soil_pH_cat|soil_temp_cat,18.5363631281767
improved_water_cat|open_def_cat|prec_cat|soil_moisture_cat|soil_pH_cat|soil_temp_cat,18.6785180840532
improved_water_cat|open_def_cat|rel_humidity_cat|soil_moisture_cat|soil_pH_cat|soil_temp_cat,18.5939341793087
improved_water_cat|prec_cat|rel_humidity_cat|soil_moisture_cat|soil_pH_cat|soil_temp_cat,18.6113543358355
lst_day_cat|ndvi_cat|open_def_cat|prec_cat|rel_humidity_cat|soil_moisture_cat,18.5171759956201
lst_day_cat|ndvi_cat|open_def_cat|prec_cat|rel_humidity_cat|soil_pH_cat,18.4082346281348
lst_day_cat|ndvi_cat|open_def_cat|prec_cat|rel_humidity_cat|soil_temp_cat,18.5923864231439
lst_day_cat|ndvi_cat|open_def_cat|prec_cat|soil_moisture_cat|soil_pH_cat,18.4595267910666
lst_day_cat|ndvi_cat|open_def_cat|prec_cat|soil_moisture_cat|soil_temp_cat,18.5910489548861
lst_day_cat|ndvi_cat|open_def_cat|prec_cat|soil_pH_cat|soil_temp_cat,18.6408746587238
lst_day_cat|ndvi_cat|open_def_cat|rel_humidity_cat|soil_moisture_cat|soil_pH_cat,18.4030542665011
lst_day_cat|ndvi_cat|open_def_cat|rel_humidity_cat|soil_moisture_cat|soil_temp_cat,18.5873159369899
lst_day_cat|ndvi_cat|open_def_cat|rel_humidity_cat|soil_pH_cat|soil_temp_cat,18.6047194123603
lst_day_cat|ndvi_cat|open_def_cat|soil_moisture_cat|soil_pH_cat|soil_temp_cat,18.6138123048755
lst_day_cat|ndvi_cat|prec_cat|rel_humidity_cat|soil_moisture_cat|soil_pH_cat,18.5245875181722
lst_day_cat|ndvi_cat|prec_cat|rel_humidity_cat|soil_moisture_cat|soil_temp_cat,18.5914853146694
lst_day_cat|ndvi_cat|prec_cat|rel_humidity_cat|soil_pH_cat|soil_temp_cat,18.6077176212838
lst_day_cat|ndvi_cat|prec_cat|soil_moisture_cat|soil_pH_cat|soil_temp_cat,18.689189094
lst_day_cat|ndvi_cat|rel_humidity_cat|soil_moisture_cat|soil_pH_cat|soil_temp_cat,18.5965774257771
lst_day_cat|open_def_cat|prec_cat|rel_humidity_cat|soil_moisture_cat|soil_pH_cat,18.4960272821143
lst_day_cat|open_def_cat|prec_cat|rel_humidity_cat|soil_moisture_cat|soil_temp_cat,18.6158173083067
lst_day_cat|open_def_cat|prec_cat|rel_humidity_cat|soil_pH_cat|soil_temp_cat,18.5160513333305
lst_day_cat|open_def_cat|prec_cat|soil_moisture_cat|soil_pH_cat|soil_temp_cat,18.5930029149633
lst_day_cat|open_def_cat|rel_humidity_cat|soil_moisture_cat|soil_pH_cat|soil_temp_cat,18.6137239601621
lst_day_cat|prec_cat|rel_humidity_cat|soil_moisture_cat|soil_pH_cat|soil_temp_cat,18.6279247902153
ndvi_cat|open_def_cat|prec_cat|rel_humidity_cat|soil_moisture_cat|soil_pH_cat,18.6292604366438
ndvi_cat|open_def_cat|prec_cat|rel_humidity_cat|soil_moisture_cat|soil_temp_cat,18.5893963260472
ndvi_cat|open_def_cat|prec_cat|rel_humidity_cat|soil_pH_cat|soil_temp_cat,18.63803156517
ndvi_cat|open_def_cat|prec_cat|soil_moisture_cat|soil_pH_cat|soil_temp_cat,18.6655071430941
ndvi_cat|open_def_cat|rel_humidity_cat|soil_moisture_cat|soil_pH_cat|soil_temp_cat,18.6152001887139
ndvi_cat|prec_cat|rel_humidity_cat|soil_moisture_cat|soil_pH_cat|soil_temp_cat,18.6473755447076
open_def_cat|prec_cat|rel_humidity_cat|soil_moisture_cat|soil_pH_cat|soil_temp_cat,18.6501670494104
elevation_cat|improved_water_cat|lst_day_cat|ndvi_cat|open_def_cat|prec_cat|rel_humidity_cat,18.588539005555
elevation_cat|improved_water_cat|lst_day_cat|ndvi_cat|open_def_cat|prec_cat|soil_moisture_cat,18.6619248564006
elevation_cat|improved_water_cat|lst_day_cat|ndvi_cat|open_def_cat|prec_cat|soil_pH_cat,18.620035063862
elevation_cat|improved_water_cat|lst_day_cat|ndvi_cat|open_def_cat|prec_cat|soil_temp_cat,18.6084835964257
elevation_cat|improved_water_cat|lst_day_cat|ndvi_cat|open_def_cat|rel_humidity_cat|soil_moisture_cat,18.4884897570042
elevation_cat|improved_water_cat|lst_day_cat|ndvi_cat|open_def_cat|rel_humidity_cat|soil_pH_cat,18.4348149956815
elevation_cat|improved_water_cat|lst_day_cat|ndvi_cat|open_def_cat|rel_humidity_cat|soil_temp_cat,18.4675298936653
elevation_cat|improved_water_cat|lst_day_cat|ndvi_cat|open_def_cat|soil_moisture_cat|soil_pH_cat,18.5571198187241
elevation_cat|improved_water_cat|lst_day_cat|ndvi_cat|open_def_cat|soil_moisture_cat|soil_temp_cat,18.5812141747548
elevation_cat|improved_water_cat|lst_day_cat|ndvi_cat|open_def_cat|soil_pH_cat|soil_temp_cat,18.4920749141982
elevation_cat|improved_water_cat|lst_day_cat|ndvi_cat|prec_cat|rel_humidity_cat|soil_moisture_cat,18.6039472563113
elevation_cat|improved_water_cat|lst_day_cat|ndvi_cat|prec_cat|rel_humidity_cat|soil_pH_cat,18.5781167044349
elevation_cat|improved_water_cat|lst_day_cat|ndvi_cat|prec_cat|rel_humidity_cat|soil_temp_cat,18.5905573896805
elevation_cat|improved_water_cat|lst_day_cat|ndvi_cat|prec_cat|soil_moisture_cat|soil_pH_cat,18.6605040200098
elevation_cat|improved_water_cat|lst_day_cat|ndvi_cat|prec_cat|soil_moisture_cat|soil_temp_cat,18.6594153365693
elevation_cat|improved_water_cat|lst_day_cat|ndvi_cat|prec_cat|soil_pH_cat|soil_temp_cat,18.641444322179
elevation_cat|improved_water_cat|lst_day_cat|ndvi_cat|rel_humidity_cat|soil_moisture_cat|soil_pH_cat,18.4960013665852
elevation_cat|improved_water_cat|lst_day_cat|ndvi_cat|rel_humidity_cat|soil_moisture_cat|soil_temp_cat,18.515663106697
elevation_cat|improved_water_cat|lst_day_cat|ndvi_cat|rel_humidity_cat|soil_pH_cat|soil_temp_cat,18.3933337760648
elevation_cat|improved_water_cat|lst_day_cat|ndvi_cat|soil_moisture_cat|soil_pH_cat|soil_temp_cat,18.5536398977712
elevation_cat|improved_water_cat|lst_day_cat|open_def_cat|prec_cat|rel_humidity_cat|soil_moisture_cat,18.6342327377985
elevation_cat|improved_water_cat|lst_day_cat|open_def_cat|prec_cat|rel_humidity_cat|soil_pH_cat,18.5948522697472
elevation_cat|improved_water_cat|lst_day_cat|open_def_cat|prec_cat|rel_humidity_cat|soil_temp_cat,18.6585506197041
elevation_cat|improved_water_cat|lst_day_cat|open_def_cat|prec_cat|soil_moisture_cat|soil_pH_cat,18.6823555970101
elevation_cat|improved_water_cat|lst_day_cat|open_def_cat|prec_cat|soil_moisture_cat|soil_temp_cat,18.7095340823356
elevation_cat|improved_water_cat|lst_day_cat|open_def_cat|prec_cat|soil_pH_cat|soil_temp_cat,18.6398548863202
elevation_cat|improved_water_cat|lst_day_cat|open_def_cat|rel_humidity_cat|soil_moisture_cat|soil_pH_cat,18.4764589663996
elevation_cat|improved_water_cat|lst_day_cat|open_def_cat|rel_humidity_cat|soil_moisture_cat|soil_temp_cat,18.6112753299296
elevation_cat|improved_water_cat|lst_day_cat|open_def_cat|rel_humidity_cat|soil_pH_cat|soil_temp_cat,18.5244095201426
elevation_cat|improved_water_cat|lst_day_cat|open_def_cat|soil_moisture_cat|soil_pH_cat|soil_temp_cat,18.5769470200131
elevation_cat|improved_water_cat|lst_day_cat|prec_cat|rel_humidity_cat|soil_moisture_cat|soil_pH_cat,18.6233033170681
elevation_cat|improved_water_cat|lst_day_cat|prec_cat|rel_humidity_cat|soil_moisture_cat|soil_temp_cat,18.701709744581
elevation_cat|improved_water_cat|lst_day_cat|prec_cat|rel_humidity_cat|soil_pH_cat|soil_temp_cat,18.5325435991351
elevation_cat|improved_water_cat|lst_day_cat|prec_cat|soil_moisture_cat|soil_pH_cat|soil_temp_cat,18.702130122796
elevation_cat|improved_water_cat|lst_day_cat|rel_humidity_cat|soil_moisture_cat|soil_pH_cat|soil_temp_cat,18.5635482975442
elevation_cat|improved_water_cat|ndvi_cat|open_def_cat|prec_cat|rel_humidity_cat|soil_moisture_cat,18.6109266892782
elevation_cat|improved_water_cat|ndvi_cat|open_def_cat|prec_cat|rel_humidity_cat|soil_pH_cat,18.5980940097891
elevation_cat|improved_water_cat|ndvi_cat|open_def_cat|prec_cat|rel_humidity_cat|soil_temp_cat,18.605135016963
elevation_cat|improved_water_cat|ndvi_cat|open_def_cat|prec_cat|soil_moisture_cat|soil_pH_cat,18.6917666066638
elevation_cat|improved_water_cat|ndvi_cat|open_def_cat|prec_cat|soil_moisture_cat|soil_temp_cat,18.6517204355288
elevation_cat|improved_water_cat|ndvi_cat|open_def_cat|prec_cat|soil_pH_cat|soil_temp_cat,18.6775777886769
elevation_cat|improved_water_cat|ndvi_cat|open_def_cat|rel_humidity_cat|soil_moisture_cat|soil_pH_cat,18.5723426676751
elevation_cat|improved_water_cat|ndvi_cat|open_def_cat|rel_humidity_cat|soil_moisture_cat|soil_temp_cat,18.6184594058556
elevation_cat|improved_water_cat|ndvi_cat|open_def_cat|rel_humidity_cat|soil_pH_cat|soil_temp_cat,18.5026383759416
elevation_cat|improved_water_cat|ndvi_cat|open_def_cat|soil_moisture_cat|soil_pH_cat|soil_temp_cat,18.6409465888724
elevation_cat|improved_water_cat|ndvi_cat|prec_cat|rel_humidity_cat|soil_moisture_cat|soil_pH_cat,18.6053027432793
elevation_cat|improved_water_cat|ndvi_cat|prec_cat|rel_humidity_cat|soil_moisture_cat|soil_temp_cat,18.6493045645932
elevation_cat|improved_water_cat|ndvi_cat|prec_cat|rel_humidity_cat|soil_pH_cat|soil_temp_cat,18.5511200040457
elevation_cat|improved_water_cat|ndvi_cat|prec_cat|soil_moisture_cat|soil_pH_cat|soil_temp_cat,18.7054877103784
elevation_cat|improved_water_cat|ndvi_cat|rel_humidity_cat|soil_moisture_cat|soil_pH_cat|soil_temp_cat,18.64050185113
elevation_cat|improved_water_cat|open_def_cat|prec_cat|rel_humidity_cat|soil_moisture_cat|soil_pH_cat,18.633051266636
elevation_cat|improved_water_cat|open_def_cat|prec_cat|rel_humidity_cat|soil_moisture_cat|soil_temp_cat,18.7104031754406
elevation_cat|improved_water_cat|open_def_cat|prec_cat|rel_humidity_cat|soil_pH_cat|soil_temp_cat,18.6263521048593
elevation_cat|improved_water_cat|open_def_cat|prec_cat|soil_moisture_cat|soil_pH_cat|soil_temp_cat,18.6857831853445
elevation_cat|improved_water_cat|open_def_cat|rel_humidity_cat|soil_moisture_cat|soil_pH_cat|soil_temp_cat,18.628906404908
elevation_cat|improved_water_cat|prec_cat|rel_humidity_cat|soil_moisture_cat|soil_pH_cat|soil_temp_cat,18.6393360104741
elevation_cat|lst_day_cat|ndvi_cat|open_def_cat|prec_cat|rel_humidity_cat|soil_moisture_cat,18.6409468620607
elevation_cat|lst_day_cat|ndvi_cat|open_def_cat|prec_cat|rel_humidity_cat|soil_pH_cat,18.6496365321405
elevation_cat|lst_day_cat|ndvi_cat|open_def_cat|prec_cat|rel_humidity_cat|soil_temp_cat,18.6521349703785
elevation_cat|lst_day_cat|ndvi_cat|open_def_cat|prec_cat|soil_moisture_cat|soil_pH_cat,18.6837566498142
elevation_cat|lst_day_cat|ndvi_cat|open_def_cat|prec_cat|soil_moisture_cat|soil_temp_cat,18.692325119999
elevation_cat|lst_day_cat|ndvi_cat|open_def_cat|prec_cat|soil_pH_cat|soil_temp_cat,18.6419642882812
elevation_cat|lst_day_cat|ndvi_cat|open_def_cat|rel_humidity_cat|soil_moisture_cat|soil_pH_cat,18.5254354285575
elevation_cat|lst_day_cat|ndvi_cat|open_def_cat|rel_humidity_cat|soil_moisture_cat|soil_temp_cat,18.5712254767618
elevation_cat|lst_day_cat|ndvi_cat|open_def_cat|rel_humidity_cat|soil_pH_cat|soil_temp_cat,18.5298485178974
elevation_cat|lst_day_cat|ndvi_cat|open_def_cat|soil_moisture_cat|soil_pH_cat|soil_temp_cat,18.5950984953971
elevation_cat|lst_day_cat|ndvi_cat|prec_cat|rel_humidity_cat|soil_moisture_cat|soil_pH_cat,18.6662909513154
elevation_cat|lst_day_cat|ndvi_cat|prec_cat|rel_humidity_cat|soil_moisture_cat|soil_temp_cat,18.6391292389805
elevation_cat|lst_day_cat|ndvi_cat|prec_cat|rel_humidity_cat|soil_pH_cat|soil_temp_cat,18.6590801912722
elevation_cat|lst_day_cat|ndvi_cat|prec_cat|soil_moisture_cat|soil_pH_cat|soil_temp_cat,18.7217305265728
elevation_cat|lst_day_cat|ndvi_cat|rel_humidity_cat|soil_moisture_cat|soil_pH_cat|soil_temp_cat,18.5829930657935
elevation_cat|lst_day_cat|open_def_cat|prec_cat|rel_humidity_cat|soil_moisture_cat|soil_pH_cat,18.6504672051807
elevation_cat|lst_day_cat|open_def_cat|prec_cat|rel_humidity_cat|soil_moisture_cat|soil_temp_cat,18.7352793029374
elevation_cat|lst_day_cat|open_def_cat|prec_cat|rel_humidity_cat|soil_pH_cat|soil_temp_cat,18.6296756352179
elevation_cat|lst_day_cat|open_def_cat|prec_cat|soil_moisture_cat|soil_pH_cat|soil_temp_cat,18.6993722004864
elevation_cat|lst_day_cat|open_def_cat|rel_humidity_cat|soil_moisture_cat|soil_pH_cat|soil_temp_cat,18.582442739185
elevation_cat|lst_day_cat|prec_cat|rel_humidity_cat|soil_moisture_cat|soil_pH_cat|soil_temp_cat,18.6993179237195
elevation_cat|ndvi_cat|open_def_cat|prec_cat|rel_humidity_cat|soil_moisture_cat|soil_pH_cat,18.7221535686186
elevation_cat|ndvi_cat|open_def_cat|prec_cat|rel_humidity_cat|soil_moisture_cat|soil_temp_cat,18.6533149561324
elevation_cat|ndvi_cat|open_def_cat|prec_cat|rel_humidity_cat|soil_pH_cat|soil_temp_cat,18.6981976813966
elevation_cat|ndvi_cat|open_def_cat|prec_cat|soil_moisture_cat|soil_pH_cat|soil_temp_cat,18.7318505450392
elevation_cat|ndvi_cat|open_def_cat|rel_humidity_cat|soil_moisture_cat|soil_pH_cat|soil_temp_cat,18.6604356385662
elevation_cat|ndvi_cat|prec_cat|rel_humidity_cat|soil_moisture_cat|soil_pH_cat|soil_temp_cat,18.6929167358316
elevation_cat|open_def_cat|prec_cat|rel_humidity_cat|soil_moisture_cat|soil_pH_cat|soil_temp_cat,18.7060877307265
improved_water_cat|lst_day_cat|ndvi_cat|open_def_cat|prec_cat|rel_humidity_cat|soil_moisture_cat,18.5623881618393
improved_water_cat|lst_day_cat|ndvi_cat|open_def_cat|prec_cat|rel_humidity_cat|soil_pH_cat,18.5161157005052
improved_water_cat|lst_day_cat|ndvi_cat|open_def_cat|prec_cat|rel_humidity_cat|soil_temp_cat,18.5663379928868
improved_water_cat|lst_day_cat|ndvi_cat|open_def_cat|prec_cat|soil_moisture_cat|soil_pH_cat,18.6160757527142
improved_water_cat|lst_day_cat|ndvi_cat|open_def_cat|prec_cat|soil_moisture_cat|soil_temp_cat,18.6065489616152
improved_water_cat|lst_day_cat|ndvi_cat|open_def_cat|prec_cat|soil_pH_cat|soil_temp_cat,18.6379296506425
improved_water_cat|lst_day_cat|ndvi_cat|open_def_cat|rel_humidity_cat|soil_moisture_cat|soil_pH_cat,18.5272304358546
improved_water_cat|lst_day_cat|ndvi_cat|open_def_cat|rel_humidity_cat|soil_moisture_cat|soil_temp_cat,18.5947432762961
improved_water_cat|lst_day_cat|ndvi_cat|open_def_cat|rel_humidity_cat|soil_pH_cat|soil_temp_cat,18.5980467557815
improved_water_cat|lst_day_cat|ndvi_cat|open_def_cat|soil_moisture_cat|soil_pH_cat|soil_temp_cat,18.6107737832808
improved_water_cat|lst_day_cat|ndvi_cat|prec_cat|rel_humidity_cat|soil_moisture_cat|soil_pH_cat,18.5449684967732
improved_water_cat|lst_day_cat|ndvi_cat|prec_cat|rel_humidity_cat|soil_moisture_cat|soil_temp_cat,18.5726959249654
improved_water_cat|lst_day_cat|ndvi_cat|prec_cat|rel_humidity_cat|soil_pH_cat|soil_temp_cat,18.544915821493
improved_water_cat|lst_day_cat|ndvi_cat|prec_cat|soil_moisture_cat|soil_pH_cat|soil_temp_cat,18.6143458054414
improved_water_cat|lst_day_cat|ndvi_cat|rel_humidity_cat|soil_moisture_cat|soil_pH_cat|soil_temp_cat,18.5940481387129
improved_water_cat|lst_day_cat|open_def_cat|prec_cat|rel_humidity_cat|soil_moisture_cat|soil_pH_cat,18.5310879627102
improved_water_cat|lst_day_cat|open_def_cat|prec_cat|rel_humidity_cat|soil_moisture_cat|soil_temp_cat,18.6151085203195
improved_water_cat|lst_day_cat|open_def_cat|prec_cat|rel_humidity_cat|soil_pH_cat|soil_temp_cat,18.5290246601792
improved_water_cat|lst_day_cat|open_def_cat|prec_cat|soil_moisture_cat|soil_pH_cat|soil_temp_cat,18.5911119862848
improved_water_cat|lst_day_cat|open_def_cat|rel_humidity_cat|soil_moisture_cat|soil_pH_cat|soil_temp_cat,18.5707286439493
improved_water_cat|lst_day_cat|prec_cat|rel_humidity_cat|soil_moisture_cat|soil_pH_cat|soil_temp_cat,18.56800267582
improved_water_cat|ndvi_cat|open_def_cat|prec_cat|rel_humidity_cat|soil_moisture_cat|soil_pH_cat,18.6873473579234
improved_water_cat|ndvi_cat|open_def_cat|prec_cat|rel_humidity_cat|soil_moisture_cat|soil_temp_cat,18.5763126778283
improved_water_cat|ndvi_cat|open_def_cat|prec_cat|rel_humidity_cat|soil_pH_cat|soil_temp_cat,18.5460475101661
improved_water_cat|ndvi_cat|open_def_cat|prec_cat|soil_moisture_cat|soil_pH_cat|soil_temp_cat,18.692787956224
improved_water_cat|ndvi_cat|open_def_cat|rel_humidity_cat|soil_moisture_cat|soil_pH_cat|soil_temp_cat,18.5880788965351
improved_water_cat|ndvi_cat|prec_cat|rel_humidity_cat|soil_moisture_cat|soil_pH_cat|soil_temp_cat,18.5982011062261
improved_water_cat|open_def_cat|prec_cat|rel_humidity_cat|soil_moisture_cat|soil_pH_cat|soil_temp_cat,18.6633022499241
lst_day_cat|ndvi_cat|open_def_cat|prec_cat|rel_humidity_cat|soil_moisture_cat|soil_pH_cat,18.5273927019038
lst_day_cat|ndvi_cat|open_def_cat|prec_cat|rel_humidity_cat|soil_moisture_cat|soil_temp_cat,18.5764074062312
lst_day_cat|ndvi_cat|open_def_cat|prec_cat|rel_humidity_cat|soil_pH_cat|soil_temp_cat,18.6040682651252
lst_day_cat|ndvi_cat|open_def_cat|prec_cat|soil_moisture_cat|soil_pH_cat|soil_temp_cat,18.6655092544254
lst_day_cat|ndvi_cat|open_def_cat|rel_humidity_cat|soil_moisture_cat|soil_pH_cat|soil_temp_cat,18.6005632112808
lst_day_cat|ndvi_cat|prec_cat|rel_humidity_cat|soil_moisture_cat|soil_pH_cat|soil_temp_cat,18.6646774525101
lst_day_cat|open_def_cat|prec_cat|rel_humidity_cat|soil_moisture_cat|soil_pH_cat|soil_temp_cat,18.5792353740042
ndvi_cat|open_def_cat|prec_cat|rel_humidity_cat|soil_moisture_cat|soil_pH_cat|soil_temp_cat,18.6529817800795
elevation_cat|improved_water_cat|lst_day_cat|ndvi_cat|open_def_cat|prec_cat|rel_humidity_cat|soil_moisture_cat,18.6714267640321
elevation_cat|improved_water_cat|lst_day_cat|ndvi_cat|open_def_cat|prec_cat|rel_humidity_cat|soil_pH_cat,18.5972363683563
elevation_cat|improved_water_cat|lst_day_cat|ndvi_cat|open_def_cat|prec_cat|rel_humidity_cat|soil_temp_cat,18.6416422598415
elevation_cat|improved_water_cat|lst_day_cat|ndvi_cat|open_def_cat|prec_cat|soil_moisture_cat|soil_pH_cat,18.6703299526727
elevation_cat|improved_water_cat|lst_day_cat|ndvi_cat|open_def_cat|prec_cat|soil_moisture_cat|soil_temp_cat,18.6972369686139
elevation_cat|improved_water_cat|lst_day_cat|ndvi_cat|open_def_cat|prec_cat|soil_pH_cat|soil_temp_cat,18.6646515289574
elevation_cat|improved_water_cat|lst_day_cat|ndvi_cat|open_def_cat|rel_humidity_cat|soil_moisture_cat|soil_pH_cat,18.5195103634769
elevation_cat|improved_water_cat|lst_day_cat|ndvi_cat|open_def_cat|rel_humidity_cat|soil_moisture_cat|soil_temp_cat,18.5794594891786
elevation_cat|improved_water_cat|lst_day_cat|ndvi_cat|open_def_cat|rel_humidity_cat|soil_pH_cat|soil_temp_cat,18.4054741623762
elevation_cat|improved_water_cat|lst_day_cat|ndvi_cat|open_def_cat|soil_moisture_cat|soil_pH_cat|soil_temp_cat,18.5818979365714
elevation_cat|improved_water_cat|lst_day_cat|ndvi_cat|prec_cat|rel_humidity_cat|soil_moisture_cat|soil_pH_cat,18.6292134854796
elevation_cat|improved_water_cat|lst_day_cat|ndvi_cat|prec_cat|rel_humidity_cat|soil_moisture_cat|soil_temp_cat,18.6786493852139
elevation_cat|improved_water_cat|lst_day_cat|ndvi_cat|prec_cat|rel_humidity_cat|soil_pH_cat|soil_temp_cat,18.6558928831766
elevation_cat|improved_water_cat|lst_day_cat|ndvi_cat|prec_cat|soil_moisture_cat|soil_pH_cat|soil_temp_cat,18.6940767083561
elevation_cat|improved_water_cat|lst_day_cat|ndvi_cat|rel_humidity_cat|soil_moisture_cat|soil_pH_cat|soil_temp_cat,18.5816410783576
elevation_cat|improved_water_cat|lst_day_cat|open_def_cat|prec_cat|rel_humidity_cat|soil_moisture_cat|soil_pH_cat,18.637170397805
elevation_cat|improved_water_cat|lst_day_cat|open_def_cat|prec_cat|rel_humidity_cat|soil_moisture_cat|soil_temp_cat,18.7295040793916
elevation_cat|improved_water_cat|lst_day_cat|open_def_cat|prec_cat|rel_humidity_cat|soil_pH_cat|soil_temp_cat,18.6180755936546
elevation_cat|improved_water_cat|lst_day_cat|open_def_cat|prec_cat|soil_moisture_cat|soil_pH_cat|soil_temp_cat,18.7095780647071
elevation_cat|improved_water_cat|lst_day_cat|open_def_cat|rel_humidity_cat|soil_moisture_cat|soil_pH_cat|soil_temp_cat,18.6104390563362
elevation_cat|improved_water_cat|lst_day_cat|prec_cat|rel_humidity_cat|soil_moisture_cat|soil_pH_cat|soil_temp_cat,18.6853921605068
elevation_cat|improved_water_cat|ndvi_cat|open_def_cat|prec_cat|rel_humidity_cat|soil_moisture_cat|soil_pH_cat,18.652036839107
elevation_cat|improved_water_cat|ndvi_cat|open_def_cat|prec_cat|rel_humidity_cat|soil_moisture_cat|soil_temp_cat,18.672678600526
elevation_cat|improved_water_cat|ndvi_cat|open_def_cat|prec_cat|rel_humidity_cat|soil_pH_cat|soil_temp_cat,18.5866866598181
elevation_cat|improved_water_cat|ndvi_cat|open_def_cat|prec_cat|soil_moisture_cat|soil_pH_cat|soil_temp_cat,18.7225876219137
elevation_cat|improved_water_cat|ndvi_cat|open_def_cat|rel_humidity_cat|soil_moisture_cat|soil_pH_cat|soil_temp_cat,18.6036901764666
elevation_cat|improved_water_cat|ndvi_cat|prec_cat|rel_humidity_cat|soil_moisture_cat|soil_pH_cat|soil_temp_cat,18.6809453118127
elevation_cat|improved_water_cat|open_def_cat|prec_cat|rel_humidity_cat|soil_moisture_cat|soil_pH_cat|soil_temp_cat,18.6461731873699
elevation_cat|lst_day_cat|ndvi_cat|open_def_cat|prec_cat|rel_humidity_cat|soil_moisture_cat|soil_pH_cat,18.653935504885
elevation_cat|lst_day_cat|ndvi_cat|open_def_cat|prec_cat|rel_humidity_cat|soil_moisture_cat|soil_temp_cat,18.7065896429921
elevation_cat|lst_day_cat|ndvi_cat|open_def_cat|prec_cat|rel_humidity_cat|soil_pH_cat|soil_temp_cat,18.6578604122971
elevation_cat|lst_day_cat|ndvi_cat|open_def_cat|prec_cat|soil_moisture_cat|soil_pH_cat|soil_temp_cat,18.7458110299021
elevation_cat|lst_day_cat|ndvi_cat|open_def_cat|rel_humidity_cat|soil_moisture_cat|soil_pH_cat|soil_temp_cat,18.6013639202165
elevation_cat|lst_day_cat|ndvi_cat|prec_cat|rel_humidity_cat|soil_moisture_cat|soil_pH_cat|soil_temp_cat,18.7369890199342
elevation_cat|lst_day_cat|open_def_cat|prec_cat|rel_humidity_cat|soil_moisture_cat|soil_pH_cat|soil_temp_cat,18.6978924642808
elevation_cat|ndvi_cat|open_def_cat|prec_cat|rel_humidity_cat|soil_moisture_cat|soil_pH_cat|soil_temp_cat,18.7336638929282
improved_water_cat|lst_day_cat|ndvi_cat|open_def_cat|prec_cat|rel_humidity_cat|soil_moisture_cat|soil_pH_cat,18.5688961366777
improved_water_cat|lst_day_cat|ndvi_cat|open_def_cat|prec_cat|rel_humidity_cat|soil_moisture_cat|soil_temp_cat,18.5639495811887
improved_water_cat|lst_day_cat|ndvi_cat|open_def_cat|prec_cat|rel_humidity_cat|soil_pH_cat|soil_temp_cat,18.546218381633
improved_water_cat|lst_day_cat|ndvi_cat|open_def_cat|prec_cat|soil_moisture_cat|soil_pH_cat|soil_temp_cat,18.6370166297922
improved_water_cat|lst_day_cat|ndvi_cat|open_def_cat|rel_humidity_cat|soil_moisture_cat|soil_pH_cat|soil_temp_cat,18.5896313531227
improved_water_cat|lst_day_cat|ndvi_cat|prec_cat|rel_humidity_cat|soil_moisture_cat|soil_pH_cat|soil_temp_cat,18.5741395727312
improved_water_cat|lst_day_cat|open_def_cat|prec_cat|rel_humidity_cat|soil_moisture_cat|soil_pH_cat|soil_temp_cat,18.5842843172104
improved_water_cat|ndvi_cat|open_def_cat|prec_cat|rel_humidity_cat|soil_moisture_cat|soil_pH_cat|soil_temp_cat,18.6844744063949
lst_day_cat|ndvi_cat|open_def_cat|prec_cat|rel_humidity_cat|soil_moisture_cat|soil_pH_cat|soil_temp_cat,18.6475525974907
elevation_cat|improved_water_cat|lst_day_cat|ndvi_cat|open_def_cat|prec_cat|rel_humidity_cat|soil_moisture_cat|soil_pH_cat,18.6498945947259
elevation_cat|improved_water_cat|lst_day_cat|ndvi_cat|open_def_cat|prec_cat|rel_humidity_cat|soil_moisture_cat|soil_temp_cat,18.7090181207587
elevation_cat|improved_water_cat|lst_day_cat|ndvi_cat|open_def_cat|prec_cat|rel_humidity_cat|soil_pH_cat|soil_temp_cat,18.6499609978589
elevation_cat|improved_water_cat|lst_day_cat|ndvi_cat|open_def_cat|prec_cat|soil_moisture_cat|soil_pH_cat|soil_temp_cat,18.7121975031998
elevation_cat|improved_water_cat|lst_day_cat|ndvi_cat|open_def_cat|rel_humidity_cat|soil_moisture_cat|soil_pH_cat|soil_temp_cat,18.6117651636502
elevation_cat|improved_water_cat|lst_day_cat|ndvi_cat|prec_cat|rel_humidity_cat|soil_moisture_cat|soil_pH_cat|soil_temp_cat,18.6930973280384
elevation_cat|improved_water_cat|lst_day_cat|open_def_cat|prec_cat|rel_humidity_cat|soil_moisture_cat|soil_pH_cat|soil_temp_cat,18.6922276338802
elevation_cat|improved_water_cat|ndvi_cat|open_def_cat|prec_cat|rel_humidity_cat|soil_moisture_cat|soil_pH_cat|soil_temp_cat,18.7171027147828
elevation_cat|lst_day_cat|ndvi_cat|open_def_cat|prec_cat|rel_humidity_cat|soil_moisture_cat|soil_pH_cat|soil_temp_cat,18.7587007481867
improved_water_cat|lst_day_cat|ndvi_cat|open_def_cat|prec_cat|rel_humidity_cat|soil_moisture_cat|soil_pH_cat|soil_temp_cat,18.6188953476287
elevation_cat|improved_water_cat|lst_day_cat|ndvi_cat|open_def_cat|prec_cat|rel_humidity_cat|soil_moisture_cat|soil_pH_cat|soil_temp_cat,18.7466006092687
